order_id,user_id,order_date,total_amount,discount,shipping_fee,product_count,products,payment_method,order_status
1,263,2026-03-27 02:46:51,1397.06,195.38,0.0,4,"191,82,62,68",微信支付,已完成
2,339,2026-03-27 06:29:51,3300.59,4.84,0.0,2,"78,6",银行卡,已完成
3,354,2026-03-27 07:14:51,719.64,125.86,0.0,3,"150,165,250",微信支付,已完成
4,199,2026-03-27 07:24:51,4397.92,321.58,0.0,3,"94,293,50",微信支付,已完成
5,170,2026-03-27 07:29:51,6549.9,58.96,0.0,4,"183,268,45,65",微信支付,已完成
6,282,2026-03-27 08:38:51,390.68,54.99,0.0,1,120,微信支付,已完成
7,389,2026-03-27 09:22:51,507.49,80.25,0.0,3,"171,23,89",余额,已完成
8,385,2026-03-27 09:24:51,5446.71,42.11,0.0,5,"112,299,261,51,82",微信支付,已完成
9,80,2026-03-27 09:51:51,255.13,33.61,0.0,2,"92,111",支付宝,已完成
10,251,2026-03-27 09:53:51,7320.63,442.63,0.0,4,"238,47,67,138",微信支付,已完成
11,164,2026-03-27 11:25:51,6051.84,1058.54,0.0,2,"297,127",余额,已完成
12,295,2026-03-27 12:07:51,743.98,13.94,0.0,2,"90,194",微信支付,已完成
13,31,2026-03-27 14:14:51,13120.92,798.18,0.0,4,"88,175,262,74",支付宝,已完成
14,243,2026-03-27 18:29:51,4776.95,81.13,0.0,5,"179,219,247,185,144",支付宝,已取消
15,259,2026-03-28 04:58:51,173.36,27.49,0.0,2,"52,295",支付宝,已完成
16,461,2026-03-28 05:51:51,358.68,10.36,0.0,1,80,支付宝,已完成
17,492,2026-03-28 06:03:51,701.8,43.48,0.0,5,"150,52,244,187,50",微信支付,已完成
18,389,2026-03-28 09:15:51,870.32,102.73,0.0,4,"238,189,124,157",微信支付,已完成
19,66,2026-03-28 09:26:51,470.42,3.84,0.0,2,"91,59",支付宝,已完成
20,423,2026-03-28 09:31:51,12289.49,559.11,0.0,4,"148,10,271,295",支付宝,已完成
21,391,2026-03-28 11:44:51,6213.36,714.7,0.0,3,"273,103,123",支付宝,已完成
22,450,2026-03-28 15:45:51,3152.46,108.07,0.0,1,138,银行卡,已完成
23,401,2026-03-28 15:48:51,5600.69,316.0,0.0,2,"259,99",银行卡,已完成
24,318,2026-03-28 17:19:51,44.57,2.84,11.97,1,244,微信支付,已完成
25,345,2026-03-28 17:20:51,5646.76,39.24,0.0,4,"170,292,53,201",支付宝,已完成
26,481,2026-03-28 18:01:51,17904.71,352.89,0.0,4,"58,117,258,192",余额,已完成
27,116,2026-03-29 03:22:51,431.68,13.99,0.0,1,120,支付宝,已完成
28,409,2026-03-29 03:41:51,1825.37,63.92,0.0,5,"220,196,49,274,205",支付宝,已完成
29,186,2026-03-29 06:15:51,808.69,140.63,0.0,3,"78,18,212",支付宝,已完成
30,43,2026-03-29 07:15:51,7481.32,1307.45,0.0,5,"135,26,80,220,134",微信支付,已完成
31,208,2026-03-29 07:29:51,5500.12,811.33,0.0,2,"14,193",支付宝,已完成
32,23,2026-03-29 08:47:51,1703.31,291.82,0.0,5,"101,128,266,94,167",银行卡,已完成
33,91,2026-03-29 08:57:51,47.32,1.13,6.98,1,196,银行卡,已完成
34,237,2026-03-29 09:02:51,534.83,40.38,0.0,1,267,银行卡,已完成
35,444,2026-03-29 09:39:51,8220.72,338.43,0.0,3,"279,219,185",支付宝,已取消
36,123,2026-03-29 10:43:51,4508.0,373.23,0.0,3,"40,164,210",微信支付,已退款
37,357,2026-03-29 13:09:51,252.59,5.21,0.0,2,"243,134",微信支付,已完成
38,31,2026-03-29 14:41:51,4081.04,570.8,0.0,2,"150,195",微信支付,已完成
39,215,2026-03-29 14:43:51,5831.48,935.53,0.0,5,"62,211,31,225,94",微信支付,已完成
40,73,2026-03-29 16:15:51,1152.78,23.8,0.0,1,198,微信支付,已完成
41,451,2026-03-29 17:20:51,4438.3,498.06,0.0,4,"163,56,123,242",微信支付,已完成
42,189,2026-03-29 17:45:51,2940.32,325.67,0.0,1,60,银行卡,已完成
43,236,2026-03-29 18:23:51,9447.95,189.92,0.0,4,"65,260,99,185",微信支付,已取消
44,395,2026-03-29 18:25:51,7856.08,946.08,0.0,5,"206,161,135,97,148",银行卡,已完成
45,490,2026-03-30 02:52:51,295.01,45.2,0.0,1,93,支付宝,已完成
46,123,2026-03-30 06:55:51,6660.61,986.88,0.0,5,"157,110,40,202,132",支付宝,已完成
47,124,2026-03-30 07:27:51,5752.93,535.69,0.0,3,"193,80,226",支付宝,已完成
48,409,2026-03-30 08:22:51,1909.71,161.84,0.0,5,"196,67,300,71,100",银行卡,已完成
49,61,2026-03-30 09:48:51,4766.42,829.3,0.0,4,"83,176,197,162",微信支付,已完成
50,226,2026-03-30 10:05:51,89.7,11.58,10.92,2,"196,34",支付宝,已完成
51,413,2026-03-30 13:23:51,8684.17,297.69,0.0,5,"299,84,18,58,112",微信支付,已完成
52,48,2026-03-30 16:04:51,10619.14,1301.08,0.0,5,"190,294,165,61,55",支付宝,已完成
53,197,2026-03-30 16:44:51,2354.29,91.08,0.0,3,"296,224,241",银行卡,已完成
54,125,2026-03-30 16:48:51,3740.6,578.93,0.0,4,"63,166,162,252",微信支付,已完成
55,156,2026-03-30 19:11:51,1790.04,192.77,0.0,4,"69,137,113,255",银行卡,已完成
56,368,2026-03-30 19:26:51,3191.02,423.85,0.0,4,"142,135,117,29",银行卡,已完成
57,477,2026-03-30 19:29:51,560.73,55.53,0.0,1,88,支付宝,已完成
58,45,2026-03-31 04:09:51,76.97,2.97,11.69,1,50,支付宝,已完成
59,99,2026-03-31 07:49:51,5051.55,649.9,0.0,5,"105,178,173,278,12",银行卡,已退款
60,438,2026-03-31 09:10:51,5417.35,330.51,0.0,3,"268,184,146",支付宝,已完成
61,282,2026-03-31 11:46:51,2923.82,232.4,0.0,5,"30,52,55,82,128",支付宝,已完成
62,90,2026-03-31 12:01:51,3526.24,219.88,0.0,5,"120,285,221,167,291",支付宝,已完成
63,285,2026-03-31 14:01:51,4387.99,11.94,0.0,4,"292,200,60,22",支付宝,已完成
64,61,2026-03-31 16:16:51,771.21,29.66,0.0,3,"14,145,180",微信支付,已完成
65,310,2026-03-31 16:19:51,3081.18,312.08,0.0,3,"212,163,12",支付宝,已完成
66,308,2026-03-31 16:20:51,5519.15,281.55,0.0,3,"190,39,291",微信支付,已完成
67,401,2026-03-31 18:22:51,791.96,84.11,0.0,2,"22,148",余额,已完成
68,425,2026-03-31 19:14:51,629.47,37.04,0.0,2,"42,159",支付宝,已完成
69,181,2026-04-01 02:56:51,775.77,87.74,0.0,2,"286,144",银行卡,已完成
70,356,2026-04-01 03:00:51,4965.29,293.81,0.0,4,"131,64,241,189",银行卡,已取消
71,208,2026-04-01 03:36:51,1192.53,24.08,0.0,2,"176,194",余额,已完成
72,190,2026-04-01 06:42:51,428.77,64.07,0.0,1,73,支付宝,已完成
73,335,2026-04-01 08:39:51,15580.78,1702.38,0.0,5,"172,119,54,199,211",微信支付,已完成
74,125,2026-04-01 09:15:51,960.4,159.09,0.0,2,"130,145",支付宝,已完成
75,419,2026-04-01 09:23:51,1366.38,188.96,0.0,4,"66,5,42,14",支付宝,已完成
76,359,2026-04-01 12:21:51,532.27,79.82,0.0,1,237,微信支付,已完成
77,45,2026-04-01 13:07:51,2542.63,420.59,0.0,4,"206,14,151,235",微信支付,已完成
78,133,2026-04-01 14:28:51,8226.45,1064.0,0.0,4,"161,212,9,284",支付宝,已完成
79,184,2026-04-01 15:28:51,827.95,124.64,0.0,3,"203,153,94",银行卡,已完成
80,392,2026-04-02 04:12:51,3880.96,269.79,0.0,4,"149,104,293,166",余额,已取消
81,218,2026-04-02 04:12:51,3929.03,369.42,0.0,1,70,支付宝,已完成
82,86,2026-04-02 04:36:51,989.48,144.24,0.0,4,"234,284,219,248",余额,已取消
83,181,2026-04-02 05:04:51,8811.82,368.07,0.0,4,"1,149,89,161",支付宝,已完成
84,308,2026-04-02 05:23:51,956.12,11.32,0.0,4,"218,261,48,87",银行卡,已完成
85,313,2026-04-02 07:26:51,4849.41,371.11,0.0,4,"17,178,36,138",支付宝,已完成
86,219,2026-04-02 07:42:51,4192.47,105.98,0.0,1,70,微信支付,已完成
87,76,2026-04-02 07:51:51,3957.94,343.98,0.0,5,"212,38,117,139,203",微信支付,已完成
88,87,2026-04-02 09:30:51,3494.6,528.69,0.0,3,"260,36,223",余额,已完成
89,420,2026-04-02 09:32:51,3045.64,385.23,0.0,3,"138,153,149",微信支付,已完成
90,75,2026-04-02 10:54:51,4115.45,200.79,0.0,4,"49,13,197,114",支付宝,已退款
91,257,2026-04-02 11:38:51,770.98,110.82,0.0,2,"165,87",微信支付,已完成
92,485,2026-04-02 13:32:51,1223.22,60.78,0.0,4,"188,19,149,249",支付宝,已完成
93,131,2026-04-02 15:18:51,1633.86,217.17,0.0,5,"275,208,201,107,188",支付宝,已完成
94,295,2026-04-02 17:00:51,1390.85,94.94,0.0,1,224,支付宝,已完成
95,335,2026-04-02 19:22:51,4088.25,605.04,0.0,4,"93,277,13,261",余额,已完成
96,155,2026-04-03 07:11:51,5791.59,604.42,0.0,4,"198,299,121,148",银行卡,已完成
97,449,2026-04-03 07:23:51,178.13,6.63,0.0,1,147,余额,已完成
98,193,2026-04-03 08:21:51,196.75,4.24,0.0,2,"266,5",微信支付,已完成
99,446,2026-04-03 09:58:51,21272.53,3463.61,0.0,5,"54,294,138,26,167",支付宝,已完成
100,78,2026-04-03 12:31:51,7015.18,523.4,0.0,5,"86,46,125,242,279",微信支付,已完成
101,52,2026-04-03 13:06:51,8275.02,509.2,0.0,5,"54,233,147,181,75",微信支付,已完成
102,391,2026-04-03 13:33:51,1271.4,198.16,0.0,4,"37,149,83,145",余额,已完成
103,49,2026-04-03 15:00:51,2486.26,337.01,0.0,5,"126,31,200,254,232",微信支付,已完成
104,14,2026-04-03 16:39:51,3951.96,444.5,0.0,3,"270,182,11",支付宝,已完成
105,44,2026-04-03 18:31:51,852.14,124.47,0.0,2,"5,36",余额,已完成
106,158,2026-04-04 02:58:51,3560.07,545.61,0.0,1,164,银行卡,已完成
107,21,2026-04-04 03:18:51,2793.22,76.38,0.0,1,211,支付宝,已完成
108,305,2026-04-04 06:16:51,417.79,48.85,0.0,2,"259,197",微信支付,已完成
109,431,2026-04-04 06:22:51,6052.09,926.96,0.0,3,"226,223,175",支付宝,已完成
110,147,2026-04-04 08:15:51,141.57,8.37,0.0,1,72,余额,已完成
111,257,2026-04-04 08:54:51,7073.76,714.5,0.0,5,"203,163,15,201,98",余额,已完成
112,44,2026-04-04 09:57:51,4006.51,329.62,0.0,4,"273,184,285,12",支付宝,已退款
113,365,2026-04-04 10:58:51,1337.41,147.61,0.0,3,"141,239,292",支付宝,已完成
114,77,2026-04-04 11:07:51,5535.21,574.41,0.0,3,"240,65,157",微信支付,已完成
115,391,2026-04-04 15:17:51,1071.53,55.67,0.0,3,"274,252,284",银行卡,已完成
116,58,2026-04-04 15:18:51,9178.47,1091.64,0.0,4,"120,192,183,293",银行卡,已完成
117,363,2026-04-04 15:33:51,389.09,54.33,0.0,2,"265,4",微信支付,已完成
118,259,2026-04-04 19:01:51,3075.05,475.93,0.0,4,"46,127,194,30",银行卡,已完成
119,359,2026-04-04 19:26:51,158.93,5.75,0.0,1,90,银行卡,已完成
120,104,2026-04-05 03:35:51,3372.73,345.71,0.0,5,"29,22,7,169,266",微信支付,已完成
121,404,2026-04-05 05:12:51,4758.17,421.74,0.0,4,"296,242,103,110",微信支付,已完成
122,104,2026-04-05 05:45:51,5599.85,31.11,0.0,5,"121,63,32,45,213",银行卡,已完成
123,391,2026-04-05 08:12:51,1807.63,77.98,0.0,4,"284,106,139,197",微信支付,已完成
124,409,2026-04-05 08:34:51,830.15,112.78,0.0,2,"94,154",微信支付,已完成
125,156,2026-04-05 09:57:51,7137.05,1148.65,0.0,5,"292,1,276,83,132",微信支付,已完成
126,45,2026-04-05 09:59:51,397.8,66.33,0.0,2,"59,125",微信支付,已完成
127,391,2026-04-05 11:12:51,5148.04,401.16,0.0,4,"55,40,77,183",余额,已完成
128,370,2026-04-05 11:34:51,3570.03,343.52,0.0,2,"245,275",支付宝,已完成
129,251,2026-04-05 15:12:51,3603.74,222.23,0.0,3,"270,163,51",余额,已完成
130,290,2026-04-05 17:14:51,309.93,40.65,0.0,2,"59,78",余额,已完成
131,90,2026-04-06 03:36:51,2924.8,452.93,0.0,1,182,支付宝,已完成
132,52,2026-04-06 04:15:51,444.82,6.44,0.0,2,"143,42",银行卡,已完成
133,307,2026-04-06 04:24:51,862.56,88.06,0.0,2,"241,187",微信支付,已完成
134,269,2026-04-06 06:16:51,3357.26,569.77,0.0,2,"77,114",余额,已完成
135,274,2026-04-06 07:03:51,6305.4,158.21,0.0,4,"225,221,182,86",微信支付,已完成
136,115,2026-04-06 08:39:51,1111.26,158.87,0.0,3,"261,228,40",支付宝,已取消
137,272,2026-04-06 09:10:51,3817.57,413.41,0.0,5,"151,239,55,85,46",余额,已完成
138,462,2026-04-06 11:00:51,514.37,44.55,0.0,3,"16,150,210",微信支付,已完成
139,436,2026-04-06 12:28:51,1708.33,266.2,0.0,4,"33,191,130,167",支付宝,已完成
140,39,2026-04-06 18:15:51,8841.17,1387.83,0.0,4,"293,287,51,191",银行卡,已完成
141,57,2026-04-06 18:33:51,2387.55,361.58,0.0,5,"17,219,84,104,167",余额,已完成
142,484,2026-04-06 19:10:51,1259.81,39.32,0.0,2,"278,241",支付宝,已完成
143,490,2026-04-07 04:42:51,5239.9,245.31,0.0,4,"13,224,180,160",微信支付,已完成
144,164,2026-04-07 04:50:51,5486.65,720.38,0.0,5,"164,81,137,292,152",支付宝,已完成
145,278,2026-04-07 05:00:51,3260.49,39.55,0.0,3,"247,216,223",银行卡,已取消
146,57,2026-04-07 08:45:51,1066.21,34.62,0.0,1,298,银行卡,已完成
147,170,2026-04-07 10:05:51,800.04,30.93,0.0,2,"127,29",银行卡,已完成
148,247,2026-04-07 10:39:51,742.39,31.91,0.0,2,"18,299",微信支付,已完成
149,46,2026-04-07 11:06:51,380.38,37.49,0.0,2,"248,57",微信支付,已完成
150,339,2026-04-07 11:20:51,3135.69,415.59,0.0,1,245,支付宝,已完成
151,224,2026-04-07 13:33:51,12148.11,187.78,0.0,3,"54,66,164",微信支付,已完成
152,49,2026-04-07 14:13:51,6127.26,327.7,0.0,2,"102,225",微信支付,已完成
153,7,2026-04-07 14:45:51,581.88,4.2,0.0,2,"179,86",微信支付,已完成
154,220,2026-04-07 16:08:51,4777.85,25.67,0.0,2,"64,151",支付宝,已完成
155,10,2026-04-07 17:29:51,5528.26,286.99,0.0,5,"122,190,295,260,247",微信支付,已完成
156,462,2026-04-07 17:29:51,5180.78,670.43,0.0,1,193,支付宝,已完成
157,470,2026-04-07 18:02:51,1200.56,109.42,0.0,5,"218,36,216,256,113",银行卡,已完成
158,17,2026-04-07 18:36:51,42.42,5.61,6.62,1,166,微信支付,已完成
159,323,2026-04-08 03:36:51,585.02,39.59,0.0,1,200,支付宝,已完成
160,12,2026-04-08 04:19:51,6789.56,641.55,0.0,5,"83,43,91,195,127",余额,已完成
161,452,2026-04-08 04:25:51,529.27,48.22,0.0,1,55,微信支付,已完成
162,224,2026-04-08 06:48:51,7323.97,1140.88,0.0,2,"193,163",支付宝,已完成
163,346,2026-04-08 09:23:51,2300.24,110.5,0.0,4,"65,218,94,280",微信支付,已完成
164,417,2026-04-08 09:56:51,991.73,96.37,0.0,3,"227,106,5",微信支付,已完成
165,98,2026-04-08 14:52:51,7460.4,352.24,0.0,3,"117,202,190",支付宝,已完成
166,99,2026-04-08 18:12:51,3229.99,542.51,0.0,3,"44,180,22",支付宝,已完成
167,414,2026-04-08 19:24:51,97.51,6.87,6.03,1,149,余额,已取消
168,453,2026-04-09 03:16:51,873.01,15.86,0.0,4,"69,147,57,15",微信支付,已完成
169,271,2026-04-09 04:45:51,2650.44,357.21,0.0,1,7,支付宝,已完成
170,168,2026-04-09 07:37:51,27.63,1.95,5.29,1,25,银行卡,已完成
171,345,2026-04-09 07:59:51,8191.51,527.94,0.0,5,"39,23,253,229,235",微信支付,已完成
172,404,2026-04-09 10:00:51,7708.88,126.61,0.0,3,"4,189,177",微信支付,已完成
173,313,2026-04-09 11:18:51,1803.82,45.16,0.0,3,"76,35,255",微信支付,已取消
174,53,2026-04-09 17:55:51,1166.47,150.98,0.0,3,"65,91,206",支付宝,已完成
175,251,2026-04-10 05:31:51,944.82,29.51,0.0,3,"67,135,251",余额,已完成
176,303,2026-04-10 06:10:51,7712.1,1091.68,0.0,5,"278,1,290,258,256",支付宝,已完成
177,75,2026-04-10 06:36:51,802.56,26.35,0.0,1,130,支付宝,已完成
178,381,2026-04-10 07:39:51,6499.94,210.67,0.0,4,"73,179,294,209",支付宝,已完成
179,233,2026-04-10 08:19:51,120.69,11.22,0.0,1,292,支付宝,已完成
180,313,2026-04-10 12:37:51,119.08,13.06,0.0,1,11,微信支付,已完成
181,308,2026-04-10 13:39:51,4437.72,119.11,0.0,1,190,支付宝,已完成
182,470,2026-04-10 17:07:51,11793.07,1153.67,0.0,5,"271,270,212,205,99",余额,已取消
183,414,2026-04-11 03:11:51,459.32,33.71,0.0,2,"2,285",微信支付,已完成
184,251,2026-04-11 03:41:51,1904.54,199.38,0.0,2,"65,109",微信支付,已退款
185,413,2026-04-11 04:30:51,2452.39,132.51,0.0,1,246,微信支付,已完成
186,75,2026-04-11 05:19:51,2758.12,364.15,0.0,4,"219,197,46,1",支付宝,已完成
187,193,2026-04-11 08:11:51,463.06,55.15,0.0,2,"11,274",微信支付,已完成
188,104,2026-04-11 11:30:51,3739.45,517.07,0.0,4,"220,299,96,117",微信支付,已完成
189,36,2026-04-11 11:48:51,1887.85,260.9,0.0,5,"281,81,68,89,181",支付宝,已完成
190,357,2026-04-11 12:17:51,2191.93,384.26,0.0,3,"56,176,84",支付宝,已退款
191,257,2026-04-11 15:30:51,13565.06,1142.18,0.0,5,"77,28,296,135,99",支付宝,已完成
192,431,2026-04-11 18:22:51,567.49,85.04,0.0,2,"78,208",支付宝,已完成
193,413,2026-04-12 03:18:51,221.97,18.03,0.0,1,207,微信支付,已完成
194,468,2026-04-12 04:14:51,936.29,151.88,0.0,4,"119,39,12,86",支付宝,已完成
195,479,2026-04-12 04:35:51,471.85,48.7,0.0,1,62,微信支付,已完成
196,236,2026-04-12 04:57:51,5703.57,753.81,0.0,4,"121,55,291,160",支付宝,已完成
197,479,2026-04-12 05:55:51,2876.36,501.37,0.0,1,182,支付宝,已完成
198,308,2026-04-12 06:43:51,3331.92,376.5,0.0,2,"106,21",微信支付,已完成
199,136,2026-04-12 08:45:51,1245.55,56.63,0.0,4,"16,87,111,167",支付宝,已完成
200,409,2026-04-12 10:30:51,5276.34,282.93,0.0,4,"189,53,2,109",银行卡,已完成
201,409,2026-04-12 11:41:51,479.99,55.79,0.0,2,"222,179",余额,已完成
202,14,2026-04-12 14:57:51,1877.4,273.26,0.0,5,"152,142,210,144,299",支付宝,已完成
203,284,2026-04-12 16:55:51,619.89,3.48,0.0,1,176,支付宝,已完成
204,305,2026-04-12 17:19:51,940.78,25.95,0.0,3,"290,275,140",微信支付,已完成
205,151,2026-04-12 17:26:51,3447.29,195.87,0.0,5,"63,151,262,139,125",微信支付,已完成
206,444,2026-04-12 18:09:51,1059.48,29.77,0.0,4,"272,244,23,128",余额,已完成
207,361,2026-04-12 18:33:51,3049.43,453.45,0.0,4,"7,35,234,158",微信支付,已完成
208,64,2026-04-12 19:24:51,1023.94,152.64,0.0,1,198,支付宝,已完成
209,303,2026-04-13 08:43:51,92.85,16.02,0.0,1,89,支付宝,已完成
210,167,2026-04-13 09:13:51,1317.69,13.05,0.0,2,"290,36",微信支付,已完成
211,125,2026-04-13 13:30:51,909.3,100.06,0.0,5,"248,184,228,32,288",银行卡,已退款
212,300,2026-04-13 14:15:51,130.19,1.05,0.0,2,"233,248",微信支付,已完成
213,418,2026-04-13 17:18:51,507.68,12.87,0.0,1,62,微信支付,已完成
214,80,2026-04-13 17:25:51,3173.73,20.82,0.0,4,"185,239,96,25",微信支付,已完成
215,295,2026-04-13 19:02:51,8524.58,825.16,0.0,4,"128,44,190,225",支付宝,已完成
216,278,2026-04-13 19:21:51,6615.75,948.77,0.0,5,"244,107,279,94,46",微信支付,已完成
217,403,2026-04-13 19:23:51,2943.93,433.8,0.0,1,182,微信支付,已完成
218,145,2026-04-14 02:47:51,3194.69,68.94,0.0,2,"117,166",微信支付,已完成
219,350,2026-04-14 03:10:51,3408.53,12.98,0.0,2,"103,79",银行卡,已完成
220,274,2026-04-14 03:40:51,889.66,122.85,0.0,4,"150,248,49,288",支付宝,已完成
221,17,2026-04-14 04:38:51,4995.8,543.06,0.0,3,"249,98,42",银行卡,已完成
222,125,2026-04-14 05:50:51,3372.36,143.96,0.0,3,"44,292,222",余额,已完成
223,491,2026-04-14 06:07:51,5363.42,496.83,0.0,5,"247,28,16,228,15",微信支付,已完成
224,389,2026-04-14 07:37:51,97.61,11.26,0.0,1,89,银行卡,已完成
225,61,2026-04-14 09:33:51,8033.11,728.51,0.0,2,"26,41",支付宝,已完成
226,464,2026-04-14 10:22:51,10218.15,1033.82,0.0,5,"287,70,165,265,49",微信支付,已完成
227,70,2026-04-14 10:53:51,3165.75,464.64,0.0,5,"169,246,260,206,25",支付宝,已退款
228,193,2026-04-14 13:21:51,554.6,74.32,0.0,4,"171,178,134,69",支付宝,已完成
229,194,2026-04-14 14:29:51,13387.21,209.08,0.0,5,"252,98,178,54,46",微信支付,已完成
230,414,2026-04-14 16:07:51,8466.39,1061.13,0.0,5,"234,189,54,269,109",银行卡,已完成
231,230,2026-04-14 17:30:51,6918.79,601.44,0.0,1,74,支付宝,已完成
232,390,2026-04-14 17:50:51,1405.4,14.4,0.0,3,"9,12,114",微信支付,已完成
233,90,2026-04-14 18:25:51,1252.53,73.94,0.0,3,"176,3,179",余额,已完成
234,311,2026-04-14 19:02:51,4125.26,179.71,0.0,5,"167,7,150,274,35",银行卡,已完成
235,153,2026-04-15 04:29:51,42.22,3.25,6.09,1,222,银行卡,已完成
236,65,2026-04-15 05:07:51,625.03,27.37,0.0,4,"272,210,256,269",余额,已完成
237,77,2026-04-15 05:40:51,4283.13,646.53,0.0,5,"114,290,111,120,53",微信支付,已完成
238,373,2026-04-15 06:46:51,5358.84,151.33,0.0,5,"299,212,5,164,260",支付宝,已完成
239,132,2026-04-15 07:44:51,295.46,36.23,0.0,1,181,支付宝,已完成
240,218,2026-04-15 07:50:51,1182.38,128.92,0.0,3,"281,196,157",微信支付,已完成
241,461,2026-04-15 08:38:51,158.74,16.31,0.0,2,"254,196",微信支付,已完成
242,178,2026-04-15 10:23:51,4697.65,113.84,0.0,3,"299,114,105",支付宝,已完成
243,385,2026-04-15 10:57:51,7011.72,300.28,0.0,3,"167,207,297",微信支付,已完成
244,418,2026-04-15 13:23:51,1133.3,9.7,0.0,2,"148,183",余额,已完成
245,242,2026-04-15 14:02:51,669.96,45.88,0.0,2,"37,137",余额,已完成
246,143,2026-04-15 14:02:51,2115.59,225.92,0.0,4,"61,199,159,290",微信支付,已完成
247,154,2026-04-15 14:37:51,11557.75,1063.77,0.0,5,"199,37,74,5,47",支付宝,已完成
248,31,2026-04-15 15:33:51,3192.15,492.06,0.0,3,"228,138,110",银行卡,已完成
249,45,2026-04-15 15:41:51,9209.4,1128.92,0.0,5,"20,71,15,112,192",微信支付,已完成
250,120,2026-04-15 16:28:51,1213.78,127.25,0.0,3,"131,243,272",微信支付,已完成
251,95,2026-04-15 17:36:51,2422.37,297.85,0.0,5,"38,86,128,8,227",余额,已完成
252,303,2026-04-15 18:15:51,755.05,41.63,0.0,2,"107,23",微信支付,已完成
253,414,2026-04-15 18:32:51,499.69,85.39,0.0,1,167,微信支付,已完成
254,202,2026-04-15 18:37:51,185.99,20.73,0.0,1,288,银行卡,已完成
255,44,2026-04-15 19:36:51,1842.95,181.64,0.0,3,"5,178,31",微信支付,已完成
256,80,2026-04-16 04:20:51,1849.93,40.97,0.0,5,"235,5,27,78,183",支付宝,已完成
257,15,2026-04-16 06:07:51,74.06,7.67,9.74,1,153,支付宝,已完成
258,5,2026-04-16 06:27:51,2680.79,176.19,0.0,5,"194,184,165,145,81",微信支付,已完成
259,66,2026-04-16 07:30:51,9568.37,1340.22,0.0,3,"177,113,44",支付宝,已完成
260,381,2026-04-16 08:44:51,48.66,1.18,10.46,1,222,银行卡,已完成
261,346,2026-04-16 09:50:51,5915.85,53.26,0.0,4,"143,78,253,238",银行卡,已完成
262,310,2026-04-16 10:26:51,6712.63,542.65,0.0,4,"242,287,2,248",支付宝,已完成
263,402,2026-04-16 11:31:51,5109.09,628.08,0.0,5,"242,283,13,42,122",微信支付,已完成
264,435,2026-04-16 12:49:51,4200.64,92.08,0.0,2,"21,298",微信支付,已完成
265,123,2026-04-16 14:10:51,7727.29,652.24,0.0,5,"277,10,11,106,272",余额,已完成
266,191,2026-04-16 14:29:51,11022.45,1606.96,0.0,3,"118,190,54",银行卡,已完成
267,307,2026-04-16 15:20:51,5569.48,76.5,0.0,3,"230,121,84",余额,已取消
268,236,2026-04-16 16:03:51,11153.25,769.11,0.0,4,"164,101,74,76",微信支付,已完成
269,462,2026-04-16 16:55:51,4081.79,677.92,0.0,5,"284,24,227,211,152",微信支付,已完成
270,273,2026-04-16 17:27:51,899.1,58.09,0.0,3,"278,286,155",微信支付,已完成
271,470,2026-04-16 18:36:51,1599.64,212.18,0.0,4,"122,230,150,130",余额,已完成
272,344,2026-04-16 19:38:51,4956.39,230.6,0.0,4,"217,148,159,105",微信支付,已完成
273,490,2026-04-17 02:53:51,1776.05,300.52,0.0,4,"229,183,69,123",支付宝,已完成
274,189,2026-04-17 05:25:51,1151.02,59.14,0.0,5,"166,236,176,269,87",微信支付,已完成
275,500,2026-04-17 05:47:51,4047.35,237.96,0.0,3,"43,246,76",微信支付,已完成
276,151,2026-04-17 06:05:51,3109.28,508.79,0.0,1,47,微信支付,已完成
277,433,2026-04-17 06:44:51,11640.77,89.59,0.0,3,"161,105,285",微信支付,已完成
278,139,2026-04-17 06:58:51,1466.03,66.12,0.0,2,"290,225",支付宝,已完成
279,431,2026-04-17 12:59:51,528.94,72.72,0.0,2,"63,197",微信支付,已完成
280,313,2026-04-17 13:00:51,1304.15,173.59,0.0,1,43,余额,已完成
281,169,2026-04-17 13:27:51,6694.15,224.75,0.0,5,"281,283,175,251,186",银行卡,已完成
282,47,2026-04-17 13:43:51,5062.46,777.95,0.0,4,"75,45,70,261",银行卡,已完成
283,189,2026-04-17 15:16:51,130.38,20.41,0.0,1,236,微信支付,已完成
284,329,2026-04-17 16:19:51,10301.41,611.8,0.0,5,"253,109,55,72,7",微信支付,已完成
285,423,2026-04-17 16:36:51,4397.18,20.7,0.0,5,"64,228,264,68,290",余额,已完成
286,132,2026-04-18 03:24:51,376.79,58.2,0.0,2,"3,133",微信支付,已完成
287,408,2026-04-18 04:06:51,7688.02,705.66,0.0,4,"131,171,10,290",微信支付,已完成
288,380,2026-04-18 04:53:51,832.56,87.75,0.0,2,"236,144",微信支付,已完成
289,343,2026-04-18 05:10:51,3085.48,532.59,0.0,1,47,余额,已完成
290,199,2026-04-18 05:51:51,733.42,20.62,0.0,3,"292,148,243",银行卡,已退款
291,462,2026-04-18 06:09:51,845.63,37.45,0.0,3,"42,107,34",支付宝,已完成
292,417,2026-04-18 06:23:51,9142.24,110.44,0.0,4,"294,182,233,205",微信支付,已完成
293,44,2026-04-18 07:27:51,597.85,99.51,0.0,2,"110,137",支付宝,已完成
294,423,2026-04-18 07:45:51,1537.52,49.6,0.0,1,8,支付宝,已完成
295,45,2026-04-18 14:24:51,3059.68,3.48,0.0,4,"155,40,165,262",微信支付,已完成
296,5,2026-04-18 15:49:51,3513.08,197.04,0.0,2,"78,77",支付宝,已完成
297,12,2026-04-18 16:06:51,6201.86,282.34,0.0,3,"45,39,129",支付宝,已完成
298,165,2026-04-18 17:57:51,6847.64,952.98,0.0,4,"57,139,262,279",微信支付,已完成
299,90,2026-04-18 18:08:51,540.56,5.16,0.0,4,"272,276,207,25",支付宝,已完成
300,417,2026-04-18 18:20:51,5167.42,181.83,0.0,5,"121,155,154,122,167",余额,已完成
301,38,2026-04-18 19:34:51,611.7,102.59,0.0,2,"200,86",支付宝,已完成
302,147,2026-04-18 19:42:51,5972.56,12.93,0.0,4,"155,295,279,114",支付宝,已完成
303,453,2026-04-19 04:03:51,359.13,6.55,0.0,1,299,微信支付,已完成
304,83,2026-04-19 04:35:51,4385.74,167.79,0.0,4,"35,261,184,182",支付宝,已取消
305,52,2026-04-19 04:42:51,93.97,6.63,9.31,1,78,微信支付,已完成
306,459,2026-04-19 04:58:51,3976.85,146.09,0.0,3,"263,47,100",支付宝,已完成
307,22,2026-04-19 07:25:51,10683.77,86.15,0.0,4,"264,256,98,99",微信支付,已完成
308,99,2026-04-19 08:43:51,2791.82,274.02,0.0,3,"36,237,170",支付宝,已完成
309,107,2026-04-19 08:46:51,1406.78,118.37,0.0,2,"261,141",银行卡,已完成
310,87,2026-04-19 08:58:51,2133.4,295.92,0.0,5,"179,229,238,159,59",微信支付,已完成
311,451,2026-04-19 10:58:51,489.91,85.3,0.0,1,267,支付宝,已取消
312,164,2026-04-19 13:25:51,5531.92,277.78,0.0,3,"260,28,127",支付宝,已完成
313,271,2026-04-19 14:20:51,7411.71,924.31,0.0,5,"298,206,143,172,283",支付宝,已完成
314,300,2026-04-19 15:37:51,1005.48,87.22,0.0,2,"277,299",支付宝,已完成
315,167,2026-04-19 15:47:51,1924.48,258.5,0.0,3,"30,45,209",微信支付,已完成
316,420,2026-04-19 16:43:51,2187.89,2.79,0.0,4,"123,234,73,224",微信支付,已完成
317,307,2026-04-19 19:08:51,6879.32,144.18,0.0,4,"153,297,203,212",微信支付,已完成
318,203,2026-04-20 02:57:51,16786.03,467.02,0.0,4,"258,201,253,129",微信支付,已完成
319,271,2026-04-20 03:06:51,201.66,8.14,0.0,1,209,支付宝,已完成
320,493,2026-04-20 03:49:51,896.73,59.34,0.0,3,"267,299,203",支付宝,已完成
321,481,2026-04-20 04:24:51,503.04,79.55,0.0,1,165,支付宝,已完成
322,479,2026-04-20 07:55:51,794.63,115.43,0.0,3,"2,69,197",支付宝,已完成
323,178,2026-04-20 08:01:51,1504.52,34.83,0.0,3,"93,232,168",支付宝,已完成
324,102,2026-04-20 08:16:51,78.01,1.33,11.09,1,50,余额,已完成
325,325,2026-04-20 08:33:51,2818.79,319.15,0.0,4,"141,282,186,88",银行卡,已完成
326,377,2026-04-20 08:42:51,256.1,17.32,0.0,1,158,微信支付,已完成
327,432,2026-04-20 09:31:51,1101.09,30.45,0.0,3,"40,126,111",微信支付,已完成
328,303,2026-04-20 09:47:51,1312.91,22.65,0.0,3,"111,178,160",银行卡,已完成
329,372,2026-04-20 10:37:51,7024.66,495.57,0.0,1,74,微信支付,已完成
330,66,2026-04-20 10:41:51,5472.73,378.48,0.0,1,193,银行卡,已完成
331,428,2026-04-20 11:59:51,2997.34,208.66,0.0,1,215,微信支付,已完成
332,219,2026-04-20 12:20:51,5692.27,456.19,0.0,5,"168,55,21,225,42",微信支付,已完成
333,459,2026-04-20 12:57:51,1209.32,74.8,0.0,3,"284,217,213",微信支付,已完成
334,17,2026-04-20 14:08:51,992.0,137.15,0.0,3,"5,95,128",支付宝,已完成
335,47,2026-04-20 15:07:51,150.33,17.29,0.0,1,24,支付宝,已取消
336,386,2026-04-20 15:11:51,403.51,25.86,0.0,2,"76,3",微信支付,已完成
337,129,2026-04-20 17:00:51,1795.86,258.69,0.0,3,"218,135,221",余额,已完成
338,123,2026-04-20 17:55:51,3195.49,227.77,0.0,4,"48,3,106,163",微信支付,已完成
339,95,2026-04-20 18:26:51,2952.68,465.53,0.0,2,"6,100",支付宝,已完成
340,114,2026-04-20 18:40:51,5556.51,698.86,0.0,4,"296,192,260,228",微信支付,已完成
341,15,2026-04-21 03:54:51,541.89,33.32,0.0,1,267,微信支付,已完成
342,468,2026-04-21 03:54:51,5708.06,164.63,0.0,1,99,余额,已完成
343,25,2026-04-21 04:22:51,983.99,45.65,0.0,2,"90,160",银行卡,已完成
344,167,2026-04-21 05:23:51,1641.94,16.92,0.0,4,"250,95,148,267",微信支付,已完成
345,104,2026-04-21 05:58:51,2131.58,327.9,0.0,3,"88,30,275",余额,已完成
346,490,2026-04-21 06:02:51,791.93,23.5,0.0,2,"191,300",微信支付,已完成
347,125,2026-04-21 07:34:51,946.09,82.48,0.0,4,"212,97,276,256",微信支付,已完成
348,53,2026-04-21 08:47:51,596.43,64.12,0.0,2,"166,220",微信支付,已完成
349,241,2026-04-21 10:21:51,5525.49,567.29,0.0,3,"100,271,66",支付宝,已完成
350,412,2026-04-21 12:28:51,9731.22,1447.29,0.0,4,"190,182,246,249",微信支付,已完成
351,128,2026-04-21 12:39:51,5169.91,414.14,0.0,5,"83,27,255,215,69",微信支付,已完成
352,81,2026-04-21 13:03:51,1818.77,20.34,0.0,5,"152,187,48,147,299",微信支付,已完成
353,21,2026-04-21 13:35:51,159.78,7.79,0.0,1,156,支付宝,已完成
354,46,2026-04-21 15:37:51,1306.74,92.17,0.0,2,"194,36",银行卡,已完成
355,441,2026-04-21 16:19:51,4872.22,111.05,0.0,5,"178,293,20,52,284",微信支付,已完成
356,417,2026-04-21 17:18:51,29.19,3.14,7.09,1,135,余额,已完成
357,241,2026-04-21 19:02:51,202.69,31.94,0.0,1,159,支付宝,已完成
358,335,2026-04-21 19:18:51,3167.01,451.82,0.0,1,77,支付宝,已完成
359,414,2026-04-22 02:59:51,1344.43,30.19,0.0,3,"155,9,66",银行卡,已完成
360,418,2026-04-22 06:13:51,4556.32,710.78,0.0,4,"124,98,250,55",支付宝,已完成
361,167,2026-04-22 06:17:51,207.8,36.12,0.0,3,"173,48,244",支付宝,已完成
362,290,2026-04-22 07:51:51,7065.23,686.3,0.0,3,"72,177,5",支付宝,已退款
363,100,2026-04-22 09:16:51,8116.99,532.58,0.0,4,"229,97,80,10",微信支付,已完成
364,462,2026-04-22 12:13:51,11079.1,943.7,0.0,5,"278,112,154,177,123",微信支付,已完成
365,417,2026-04-22 12:24:51,913.81,94.43,0.0,2,"73,157",微信支付,已完成
366,303,2026-04-22 13:29:51,285.63,16.07,0.0,1,126,支付宝,已完成
367,470,2026-04-22 14:22:51,1931.05,169.82,0.0,4,"229,299,119,227",支付宝,已完成
368,88,2026-04-22 14:59:51,298.87,31.34,0.0,1,12,微信支付,已完成
369,116,2026-04-22 16:10:51,8294.23,792.07,0.0,5,"61,8,2,183,287",支付宝,已完成
370,87,2026-04-22 17:04:51,2546.96,2.08,0.0,3,"107,148,170",微信支付,已完成
371,310,2026-04-22 17:07:51,7801.63,129.26,0.0,3,"26,11,257",银行卡,已取消
372,485,2026-04-23 04:46:51,3993.94,209.25,0.0,4,"33,247,125,182",银行卡,已完成
373,211,2026-04-23 06:04:51,1494.41,60.34,0.0,5,"81,226,202,15,122",微信支付,已完成
374,66,2026-04-23 06:40:51,1526.76,137.21,0.0,3,"282,249,232",余额,已完成
375,147,2026-04-23 06:45:51,4711.35,145.24,0.0,4,"3,229,60,254",微信支付,已完成
376,390,2026-04-23 09:15:51,8411.74,364.11,0.0,5,"182,249,47,173,131",微信支付,已完成
377,217,2026-04-23 10:05:51,1873.26,27.29,0.0,4,"148,150,160,205",余额,已完成
378,408,2026-04-23 11:18:51,1070.71,34.08,0.0,4,"196,4,290,133",微信支付,已完成
379,70,2026-04-23 12:01:51,1883.53,169.31,0.0,4,"127,220,167,104",微信支付,已完成
380,417,2026-04-23 13:30:51,1471.91,180.3,0.0,4,"199,154,226,88",微信支付,已完成
381,66,2026-04-23 14:13:51,1487.33,86.62,0.0,2,"94,40",支付宝,已完成
382,373,2026-04-23 14:59:51,4559.94,316.79,0.0,1,268,微信支付,已完成
383,332,2026-04-23 15:06:51,886.65,18.66,0.0,3,"110,155,227",微信支付,已完成
384,165,2026-04-23 15:21:51,7505.23,211.18,0.0,4,"3,16,58,103",支付宝,已完成
385,112,2026-04-23 17:44:51,6752.11,1041.28,0.0,4,"178,244,10,127",支付宝,已完成
386,305,2026-04-24 04:11:51,8701.31,129.66,0.0,3,"184,116,161",支付宝,已完成
387,169,2026-04-24 04:56:51,377.91,54.88,0.0,3,"35,134,24",微信支付,已完成
388,184,2026-04-24 05:48:51,7941.72,232.73,0.0,4,"248,24,175,293",支付宝,已完成
389,409,2026-04-24 06:20:51,13614.65,430.72,0.0,5,"126,70,129,77,260",银行卡,已完成
390,344,2026-04-24 09:06:51,6504.89,129.04,0.0,3,"23,258,128",支付宝,已完成
391,353,2026-04-24 09:36:51,7906.15,101.75,0.0,2,"163,192",支付宝,已完成
392,135,2026-04-24 15:00:51,540.71,43.33,0.0,1,39,余额,已完成
393,254,2026-04-24 16:35:51,6429.03,841.94,0.0,4,"18,224,204,219",支付宝,已完成
394,470,2026-04-24 19:20:51,3580.14,557.47,0.0,1,105,支付宝,已完成
395,13,2026-04-25 03:08:51,6230.8,399.44,0.0,3,"43,195,67",银行卡,已完成
396,80,2026-04-25 03:50:51,721.78,40.47,0.0,1,278,支付宝,已完成
397,147,2026-04-25 05:45:51,11683.94,1961.27,0.0,5,"9,71,129,158,297",银行卡,已完成
398,359,2026-04-25 06:32:51,10734.16,813.1,0.0,5,"238,158,190,297,166",微信支付,已完成
399,290,2026-04-25 07:11:51,7704.92,1306.57,0.0,5,"86,287,159,31,1",微信支付,已完成
400,160,2026-04-25 07:25:51,3638.72,187.72,0.0,3,"128,19,7",支付宝,已完成
401,408,2026-04-25 07:34:51,1335.98,163.09,0.0,5,"147,66,78,48,183",余额,已完成
402,22,2026-04-25 07:37:51,3369.28,33.69,0.0,4,"51,1,30,72",微信支付,已完成
403,354,2026-04-25 10:41:51,697.16,57.27,0.0,1,281,微信支付,已完成
404,431,2026-04-25 12:19:51,8675.87,628.78,0.0,5,"150,288,172,211,181",支付宝,已完成
405,314,2026-04-25 13:17:51,325.92,4.29,0.0,1,12,支付宝,已完成
406,31,2026-04-25 13:31:51,2254.26,170.74,0.0,3,"144,282,280",支付宝,已完成
407,272,2026-04-25 13:59:51,11111.91,600.98,0.0,4,"36,162,294,31",支付宝,已完成
408,373,2026-04-25 14:47:51,7578.02,332.14,0.0,5,"201,188,44,112,18",余额,已完成
409,174,2026-04-25 15:03:51,5330.01,150.19,0.0,4,"158,51,175,144",支付宝,已完成
410,83,2026-04-25 15:33:51,1620.81,157.17,0.0,3,"184,83,88",微信支付,已完成
411,13,2026-04-25 15:55:51,5799.59,488.56,0.0,5,"41,71,219,44,277",微信支付,已完成
412,485,2026-04-25 15:55:51,545.34,17.47,0.0,3,"260,171,216",银行卡,已完成
413,12,2026-04-25 16:39:51,3483.12,274.86,0.0,2,"3,245",支付宝,已完成
414,218,2026-04-25 18:20:51,1002.26,49.16,0.0,3,"55,69,139",支付宝,已完成
415,61,2026-04-25 19:35:51,11912.93,520.1,0.0,3,"131,132,102",支付宝,已完成
416,215,2026-04-26 03:01:51,1826.96,19.67,0.0,2,"299,30",支付宝,已完成
417,102,2026-04-26 03:24:51,2380.96,120.63,0.0,3,"278,50,262",微信支付,已完成
418,419,2026-04-26 04:50:51,9346.75,69.26,0.0,4,"97,279,215,230",支付宝,已完成
419,233,2026-04-26 06:13:51,2986.05,411.53,0.0,4,"7,272,222,292",支付宝,已完成
420,488,2026-04-26 07:33:51,3212.9,256.27,0.0,3,"104,73,185",余额,已完成
421,314,2026-04-26 09:39:51,313.72,2.38,0.0,1,217,微信支付,已完成
422,195,2026-04-26 10:11:51,1137.59,195.9,0.0,4,"90,62,35,95",余额,已完成
423,104,2026-04-26 11:01:51,10444.38,387.79,0.0,5,"53,99,144,166,220",微信支付,已完成
424,66,2026-04-26 11:10:51,2996.42,488.88,0.0,4,"275,42,163,154",银行卡,已完成
425,373,2026-04-26 13:09:51,729.78,27.54,0.0,4,"300,276,272,166",微信支付,已完成
426,65,2026-04-26 15:29:51,953.5,18.75,0.0,3,"55,15,216",银行卡,已完成
427,58,2026-04-26 15:48:51,5066.64,256.59,0.0,3,"8,3,53",余额,已完成
428,195,2026-04-26 17:26:51,210.27,20.34,0.0,1,122,微信支付,已完成
429,437,2026-04-26 19:07:51,436.78,37.82,0.0,5,"59,169,52,228,210",微信支付,已完成
430,430,2026-04-27 03:44:51,976.66,22.25,0.0,1,131,余额,已完成
431,195,2026-04-27 05:02:51,15702.34,2087.45,0.0,4,"279,132,249,287",支付宝,已完成
432,420,2026-04-27 06:35:51,262.13,37.08,0.0,1,87,支付宝,已完成
433,282,2026-04-27 06:47:51,1771.37,102.31,0.0,5,"212,39,119,284,76",银行卡,已完成
434,66,2026-04-27 07:09:51,550.7,66.82,0.0,3,"216,79,206",支付宝,已完成
435,86,2026-04-27 07:57:51,4590.8,407.37,0.0,2,"261,195",余额,已完成
436,476,2026-04-27 09:07:51,5526.12,945.73,0.0,3,"282,181,192",微信支付,已完成
437,46,2026-04-27 09:30:51,1517.84,155.48,0.0,2,"135,170",支付宝,已完成
438,335,2026-04-27 12:34:51,2927.85,500.11,0.0,2,"138,92",支付宝,已完成
439,70,2026-04-27 12:38:51,2403.15,275.79,0.0,3,"284,224,291",支付宝,已完成
440,300,2026-04-27 15:11:51,7300.31,240.41,0.0,4,"99,141,194,78",微信支付,已完成
441,131,2026-04-27 15:55:51,8166.83,1274.02,0.0,5,"170,131,38,6,182",微信支付,已完成
442,84,2026-04-27 18:09:51,5683.03,18.29,0.0,1,172,微信支付,已完成
443,414,2026-04-28 03:19:51,844.63,109.06,0.0,2,"81,285",余额,已完成
444,287,2026-04-28 04:06:51,7369.59,161.98,0.0,3,"142,60,164",微信支付,已完成
445,13,2026-04-28 07:24:51,928.72,82.13,0.0,4,"72,251,100,110",微信支付,已完成
446,10,2026-04-28 10:03:51,3952.94,685.73,0.0,5,"51,24,293,134,104",支付宝,已完成
447,49,2026-04-28 10:28:51,2621.93,6.89,0.0,2,"203,163",支付宝,已退款
448,61,2026-04-28 10:49:51,1542.17,88.95,0.0,2,"259,8",银行卡,已完成
449,308,2026-04-28 11:50:51,2070.31,18.22,0.0,3,"144,127,71",支付宝,已完成
450,332,2026-04-28 12:15:51,1125.02,53.78,0.0,4,"111,272,291,63",余额,已完成
451,189,2026-04-28 14:59:51,13109.61,1129.86,0.0,5,"10,113,297,219,300",微信支付,已完成
452,308,2026-04-28 15:06:51,3096.82,297.69,0.0,2,"96,44",微信支付,已完成
453,27,2026-04-28 15:37:51,7086.2,902.53,0.0,2,"53,289",余额,已完成
454,202,2026-04-28 15:55:51,1426.77,44.05,0.0,2,"280,208",支付宝,已完成
455,323,2026-04-28 16:28:51,8643.01,1379.87,0.0,5,"283,75,74,251,84",微信支付,已完成
456,189,2026-04-28 16:30:51,3828.86,87.39,0.0,3,"231,126,247",微信支付,已取消
457,203,2026-04-28 16:35:51,133.24,15.37,0.0,1,188,微信支付,已完成
458,381,2026-04-28 17:34:51,1014.45,118.11,0.0,3,"290,234,106",余额,已完成
459,90,2026-04-28 18:23:51,8392.78,1467.65,0.0,4,"213,86,268,289",支付宝,已完成
460,227,2026-04-28 19:23:51,3879.28,214.26,0.0,4,"222,150,197,273",银行卡,已完成
461,65,2026-04-29 03:21:51,512.6,7.95,0.0,1,62,微信支付,已完成
462,295,2026-04-29 03:38:51,939.28,0.06,0.0,5,"150,72,184,68,25",支付宝,已完成
463,313,2026-04-29 04:53:51,1554.63,62.01,0.0,2,"224,35",微信支付,已完成
464,179,2026-04-29 05:50:51,11269.74,501.67,0.0,5,"220,211,54,14,171",微信支付,已完成
465,451,2026-04-29 06:59:51,2010.24,115.53,0.0,5,"126,3,250,166,109",余额,已完成
466,131,2026-04-29 07:42:51,762.97,102.92,0.0,2,"32,67",支付宝,已完成
467,113,2026-04-29 08:44:51,1421.19,249.9,0.0,1,262,支付宝,已完成
468,489,2026-04-29 09:12:51,261.33,20.97,0.0,1,20,银行卡,已完成
469,346,2026-04-29 09:23:51,5007.54,6.48,0.0,3,"276,184,98",银行卡,已完成
470,452,2026-04-29 16:47:51,3585.24,100.24,0.0,2,"44,214",支付宝,已完成
471,184,2026-04-29 16:48:51,1290.97,186.77,0.0,1,43,微信支付,已完成
472,300,2026-04-29 17:09:51,8508.56,765.6,0.0,3,"175,231,221",余额,已完成
473,131,2026-04-29 19:16:51,4865.87,645.7,0.0,1,294,银行卡,已完成
474,480,2026-04-30 03:23:51,366.19,11.23,0.0,1,22,微信支付,已完成
475,13,2026-04-30 05:05:51,17121.15,243.42,0.0,5,"65,91,54,151,26",支付宝,已完成
476,73,2026-04-30 06:09:51,1864.66,91.21,0.0,4,"106,123,276,85",支付宝,已完成
477,428,2026-04-30 07:14:51,384.06,38.58,0.0,1,197,微信支付,已完成
478,232,2026-04-30 10:18:51,3068.99,138.38,0.0,3,"248,133,211",余额,已完成
479,242,2026-04-30 12:07:51,5378.19,88.95,0.0,3,"18,216,240",支付宝,已完成
480,135,2026-04-30 12:34:51,11152.43,763.5,0.0,4,"149,161,219,162",银行卡,已完成
481,344,2026-04-30 13:08:51,13084.88,343.28,0.0,4,"297,133,113,108",支付宝,已完成
482,37,2026-04-30 14:53:51,8960.85,70.33,0.0,4,"66,6,28,230",银行卡,已完成
483,197,2026-04-30 18:50:51,4626.13,685.3,0.0,2,"213,268",微信支付,已完成
484,409,2026-05-01 02:58:51,380.48,46.13,0.0,1,2,余额,已完成
485,284,2026-05-01 03:03:51,518.41,42.02,0.0,2,"73,250",银行卡,已完成
486,156,2026-05-01 08:27:51,4333.25,560.46,0.0,5,"163,96,43,197,12",银行卡,已完成
487,265,2026-05-01 08:33:51,2372.82,214.11,0.0,4,"120,261,229,178",支付宝,已完成
488,215,2026-05-01 08:37:51,782.6,28.9,0.0,2,"114,184",支付宝,已完成
489,159,2026-05-01 09:12:51,705.05,64.47,0.0,1,144,微信支付,已完成
490,404,2026-05-01 11:02:51,5119.02,547.73,0.0,3,"251,143,192",微信支付,已完成
491,373,2026-05-01 12:13:51,502.99,38.66,0.0,1,261,微信支付,已完成
492,125,2026-05-01 12:42:51,777.82,131.5,0.0,4,"93,250,205,142",支付宝,已完成
493,22,2026-05-01 14:33:51,9589.03,236.72,0.0,5,"23,94,39,6,28",余额,已完成
494,368,2026-05-01 14:48:51,1154.85,73.5,0.0,4,"100,75,252,57",支付宝,已完成
495,15,2026-05-01 17:19:51,1495.62,80.78,0.0,2,"55,131",支付宝,已完成
496,91,2026-05-01 17:21:51,3103.83,457.95,0.0,4,"169,185,75,288",微信支付,已完成
497,476,2026-05-01 18:28:51,6979.32,1147.8,0.0,4,"161,136,227,50",支付宝,已完成
498,402,2026-05-01 18:37:51,6710.31,780.03,0.0,2,"21,70",银行卡,已完成
499,414,2026-05-02 03:15:51,3402.71,214.26,0.0,3,"29,6,150",银行卡,已完成
500,21,2026-05-02 03:16:51,1580.73,228.26,0.0,3,"298,219,114",微信支付,已完成
501,444,2026-05-02 03:39:51,400.68,40.12,0.0,1,128,支付宝,已完成
502,325,2026-05-02 05:54:51,9270.66,392.9,0.0,3,"64,132,34",微信支付,已完成
503,339,2026-05-02 06:53:51,6490.65,1009.28,0.0,5,"131,208,89,271,300",微信支付,已完成
504,408,2026-05-02 07:53:51,327.95,10.28,0.0,2,"295,32",微信支付,已完成
505,59,2026-05-02 07:57:51,4624.23,698.77,0.0,5,"103,29,67,93,40",微信支付,已完成
506,365,2026-05-02 08:01:51,7315.29,735.18,0.0,5,"82,193,186,243,249",支付宝,已完成
507,300,2026-05-02 08:27:51,7781.46,327.57,0.0,3,"226,85,10",支付宝,已完成
508,459,2026-05-02 09:40:51,687.2,70.6,0.0,2,"212,57",微信支付,已完成
509,132,2026-05-02 09:57:51,225.94,14.06,0.0,1,207,支付宝,已完成
510,189,2026-05-02 11:27:51,1736.28,186.39,0.0,5,"46,300,124,219,69",微信支付,已完成
511,66,2026-05-02 13:11:51,3158.69,303.28,0.0,2,"182,119",支付宝,已完成
512,61,2026-05-02 13:39:51,489.32,3.52,0.0,1,73,支付宝,已完成
513,303,2026-05-02 14:18:51,2649.96,195.4,0.0,4,"256,194,151,36",支付宝,已完成
514,193,2026-05-02 16:52:51,11520.93,141.18,0.0,5,"94,246,173,249,177",银行卡,已完成
515,257,2026-05-02 17:51:51,5487.93,516.67,0.0,2,"136,99",微信支付,已完成
516,332,2026-05-02 18:09:51,7086.95,1062.82,0.0,4,"169,198,271,30",支付宝,已取消
517,26,2026-05-02 18:56:51,8885.88,777.97,0.0,4,"115,104,53,129",支付宝,已完成
518,420,2026-05-02 18:59:51,9083.77,51.98,0.0,4,"215,75,135,271",支付宝,已完成
519,373,2026-05-02 19:10:51,805.5,94.25,0.0,3,"260,126,33",支付宝,已完成
520,456,2026-05-02 19:27:51,439.65,68.43,0.0,1,75,支付宝,已完成
521,69,2026-05-02 19:31:51,3710.6,602.54,0.0,5,"95,19,286,7,217",微信支付,已完成
522,409,2026-05-03 04:16:51,578.11,6.97,0.0,1,167,支付宝,已取消
523,488,2026-05-03 05:18:51,1774.88,122.14,0.0,4,"9,212,156,148",微信支付,已完成
524,433,2026-05-03 06:12:51,1292.4,43.97,0.0,3,"33,284,127",支付宝,已完成
525,232,2026-05-03 06:52:51,387.05,8.4,0.0,3,"244,4,180",支付宝,已完成
526,115,2026-05-03 08:18:51,8515.66,1052.25,0.0,4,"98,28,259,114",微信支付,已完成
527,112,2026-05-03 08:32:51,1326.22,43.29,0.0,3,"241,217,106",微信支付,已完成
528,425,2026-05-03 10:00:51,1414.72,197.22,0.0,3,"45,33,168",支付宝,已完成
529,195,2026-05-03 10:39:51,5040.75,409.94,0.0,4,"286,67,70,275",银行卡,已完成
530,450,2026-05-03 13:30:51,859.72,6.71,0.0,4,"259,187,3,38",微信支付,已完成
531,73,2026-05-03 13:56:51,438.03,11.38,0.0,1,212,微信支付,已取消
532,418,2026-05-03 14:56:51,10591.81,1611.99,0.0,4,"162,161,237,124",支付宝,已完成
533,485,2026-05-03 15:12:51,974.96,75.99,0.0,3,"254,219,95",微信支付,已完成
534,41,2026-05-03 15:21:51,4710.96,639.7,0.0,4,"160,182,277,191",支付宝,已完成
535,212,2026-05-03 16:36:51,2811.5,474.58,0.0,5,"62,141,87,65,81",支付宝,已完成
536,102,2026-05-04 03:31:51,661.26,83.8,0.0,2,"55,156",微信支付,已完成
537,459,2026-05-04 06:00:51,688.56,112.07,0.0,2,"197,19",微信支付,已完成
538,224,2026-05-04 06:16:51,2290.87,69.36,0.0,5,"291,133,125,107,160",支付宝,已完成
539,224,2026-05-04 07:13:51,741.46,127.37,0.0,2,"45,201",微信支付,已完成
540,430,2026-05-04 07:41:51,5108.81,859.62,0.0,2,"62,102",微信支付,已完成
541,368,2026-05-04 13:39:51,7770.93,600.11,0.0,4,"223,184,28,263",支付宝,已完成
542,172,2026-05-04 14:17:51,2971.25,294.74,0.0,1,60,支付宝,已完成
543,485,2026-05-04 14:59:51,3000.95,91.32,0.0,2,"211,76",支付宝,已完成
544,444,2026-05-04 16:39:51,5988.58,1045.33,0.0,4,"294,220,194,4",支付宝,已完成
545,114,2026-05-04 17:09:51,4156.83,438.25,0.0,4,"81,90,239,231",银行卡,已完成
546,68,2026-05-04 17:25:51,628.62,108.77,0.0,2,"100,284",银行卡,已完成
547,371,2026-05-04 18:11:51,6549.26,1154.97,0.0,5,"125,162,131,246,25",银行卡,已完成
548,95,2026-05-04 19:09:51,406.67,53.57,0.0,1,14,支付宝,已完成
549,218,2026-05-05 05:15:51,7101.86,325.25,0.0,5,"264,20,108,252,63",银行卡,已完成
550,91,2026-05-05 07:14:51,1060.12,125.99,0.0,5,"119,3,272,205,15",支付宝,已完成
551,181,2026-05-05 10:19:51,3356.14,378.04,0.0,4,"235,109,9,127",微信支付,已完成
552,14,2026-05-05 10:34:51,1175.54,206.92,0.0,3,"251,57,235",余额,已完成
553,361,2026-05-05 11:42:51,7589.3,1140.47,0.0,3,"164,156,195",支付宝,已完成
554,55,2026-05-05 13:43:51,5873.76,340.67,0.0,4,"192,264,210,267",支付宝,已完成
555,195,2026-05-05 17:18:51,8082.35,218.51,0.0,2,"291,26",支付宝,已完成
556,10,2026-05-05 18:12:51,674.94,40.96,0.0,2,"241,63",微信支付,已完成
557,363,2026-05-05 18:41:51,871.08,111.63,0.0,1,242,微信支付,已完成
558,272,2026-05-06 04:30:51,9124.05,425.59,0.0,4,"152,291,26,14",余额,已完成
559,124,2026-05-06 08:29:51,4987.62,438.79,0.0,4,"44,116,9,148",余额,已完成
560,202,2026-05-06 10:13:51,4146.96,582.52,0.0,5,"176,249,299,12,185",微信支付,已完成
561,145,2026-05-06 10:43:51,11615.76,974.0,0.0,5,"231,30,211,240,210",支付宝,已完成
562,84,2026-05-06 11:29:51,2787.42,103.94,0.0,2,"233,211",支付宝,已完成
563,404,2026-05-06 11:41:51,8888.75,480.59,0.0,3,"53,120,192",银行卡,已完成
564,189,2026-05-06 12:50:51,7243.11,904.59,0.0,5,"77,20,232,277,138",微信支付,已完成
565,145,2026-05-06 13:33:51,7563.86,928.5,0.0,2,"281,54",微信支付,已完成
566,214,2026-05-06 16:10:51,3370.29,248.54,0.0,1,77,支付宝,已完成
567,446,2026-05-06 16:12:51,112.25,11.23,0.0,1,243,微信支付,已完成
568,91,2026-05-06 16:28:51,2143.38,278.59,0.0,4,"113,235,233,1",微信支付,已完成
569,13,2026-05-06 17:43:51,4452.77,563.23,0.0,5,"148,22,23,182,146",微信支付,已完成
570,500,2026-05-07 04:43:51,2081.81,162.58,0.0,3,"262,18,90",支付宝,已完成
571,152,2026-05-07 04:56:51,3116.43,42.22,0.0,3,"155,7,180",支付宝,已完成
572,195,2026-05-07 07:32:51,2716.8,124.62,0.0,4,"200,11,280,151",余额,已完成
573,414,2026-05-07 07:43:51,4363.42,313.29,0.0,3,"35,103,151",微信支付,已完成
574,98,2026-05-07 07:44:51,178.23,26.61,0.0,1,125,余额,已完成
575,100,2026-05-07 11:52:51,376.91,23.72,0.0,1,227,支付宝,已完成
576,44,2026-05-07 12:43:51,1446.69,62.79,0.0,3,"171,280,157",银行卡,已完成
577,13,2026-05-07 14:00:51,1194.48,117.26,0.0,5,"119,243,67,285,205",支付宝,已完成
578,168,2026-05-07 15:14:51,2828.67,16.98,0.0,4,"95,85,176,212",支付宝,已完成
579,8,2026-05-07 17:55:51,126.54,6.92,0.0,1,265,支付宝,已完成
580,135,2026-05-07 19:06:51,6037.71,53.62,0.0,2,"272,99",银行卡,已完成
581,49,2026-05-08 04:19:51,3591.37,566.88,0.0,4,"170,221,219,123",支付宝,已完成
582,456,2026-05-08 06:59:51,1712.04,28.87,0.0,4,"78,208,167,184",微信支付,已完成
583,10,2026-05-08 07:46:51,2865.8,104.21,0.0,3,"221,272,278",微信支付,已完成
584,124,2026-05-08 07:51:51,14471.5,1031.21,0.0,5,"284,74,297,281,252",支付宝,已完成
585,412,2026-05-08 08:07:51,7844.49,328.38,0.0,4,"98,92,111,273",微信支付,已完成
586,218,2026-05-08 10:30:51,10022.77,1655.16,0.0,5,"287,35,64,225,151",余额,已完成
587,185,2026-05-08 12:05:51,2787.98,346.29,0.0,3,"270,116,1",支付宝,已完成
588,251,2026-05-08 12:56:51,1807.69,311.69,0.0,5,"130,80,27,265,200",银行卡,已完成
589,168,2026-05-08 15:36:51,944.98,144.2,0.0,3,"107,274,263",支付宝,已完成
590,485,2026-05-08 19:16:51,1567.83,96.46,0.0,3,"118,281,267",支付宝,已完成
591,485,2026-05-09 02:56:51,2251.26,20.16,0.0,2,"221,20",支付宝,已完成
592,414,2026-05-09 04:42:51,1421.55,140.58,0.0,3,"93,123,298",微信支付,已完成
593,356,2026-05-09 05:02:51,6036.24,164.23,0.0,4,"238,37,192,150",余额,已完成
594,185,2026-05-09 05:38:51,426.69,8.15,0.0,3,"203,274,202",微信支付,已完成
595,78,2026-05-09 06:11:51,2883.5,505.28,0.0,3,"91,185,197",支付宝,已完成
596,363,2026-05-09 06:31:51,3062.56,38.84,0.0,3,"25,29,211",支付宝,已完成
597,167,2026-05-09 08:06:51,10230.9,498.53,0.0,4,"262,259,268,105",支付宝,已完成
598,13,2026-05-09 11:22:51,1570.21,275.65,0.0,4,"95,200,82,140",支付宝,已完成
599,476,2026-05-09 11:50:51,2375.51,137.56,0.0,4,"130,196,134,109",支付宝,已完成
600,141,2026-05-09 11:53:51,13072.33,660.44,0.0,5,"26,284,86,69,129",微信支付,已完成
601,413,2026-05-09 11:53:51,10792.06,984.25,0.0,4,"147,26,77,181",银行卡,已取消
602,417,2026-05-09 13:34:51,3861.71,240.64,0.0,3,"11,53,128",微信支付,已完成
603,123,2026-05-09 14:10:51,1942.15,96.3,0.0,3,"280,111,283",微信支付,已完成
604,30,2026-05-09 14:21:51,584.06,77.67,0.0,2,"251,18",微信支付,已完成
605,492,2026-05-09 15:17:51,503.0,2.85,0.0,2,"5,15",微信支付,已完成
606,476,2026-05-09 16:23:51,1146.18,101.12,0.0,3,"115,27,165",微信支付,已完成
607,21,2026-05-09 17:53:51,1951.72,10.83,0.0,3,"151,295,220",银行卡,已完成
608,249,2026-05-10 05:03:51,500.11,15.29,0.0,1,157,银行卡,已完成
609,317,2026-05-10 05:40:51,129.41,2.5,0.0,1,292,微信支付,已完成
610,12,2026-05-10 08:11:51,320.25,22.56,0.0,3,"89,124,216",微信支付,已完成
611,413,2026-05-10 08:30:51,7230.03,1162.88,0.0,5,"208,186,193,250,41",微信支付,已完成
612,402,2026-05-10 10:18:51,6332.81,163.54,0.0,4,"118,20,146,294",余额,已完成
613,48,2026-05-10 10:21:51,7046.71,255.54,0.0,3,"268,281,262",微信支付,已完成
614,192,2026-05-10 13:53:51,770.12,94.57,0.0,2,"157,178",微信支付,已完成
615,404,2026-05-10 15:46:51,1242.32,51.37,0.0,4,"128,15,292,274",银行卡,已退款
616,165,2026-05-10 16:09:51,631.4,104.78,0.0,2,"300,126",支付宝,已完成
617,308,2026-05-10 16:49:51,165.69,13.9,0.0,1,33,支付宝,已完成
618,282,2026-05-10 17:27:51,8136.55,454.08,0.0,5,"196,161,212,68,206",支付宝,已完成
619,381,2026-05-10 17:31:51,266.61,15.69,0.0,1,20,微信支付,已完成
620,230,2026-05-10 17:31:51,4235.0,733.48,0.0,2,"98,62",微信支付,已完成
621,99,2026-05-11 02:48:51,10699.94,1581.42,0.0,2,"108,172",支付宝,已完成
622,141,2026-05-11 05:32:51,3484.13,54.48,0.0,4,"123,170,262,149",支付宝,已完成
623,49,2026-05-11 05:56:51,5785.87,112.38,0.0,5,"121,194,189,152,68",支付宝,已完成
624,426,2026-05-11 07:05:51,338.87,36.17,0.0,2,"288,295",银行卡,已完成
625,53,2026-05-11 07:09:51,3429.15,436.93,0.0,5,"61,282,40,49,56",微信支付,已完成
626,251,2026-05-11 09:15:51,1930.7,59.23,0.0,4,"31,38,101,209",支付宝,已完成
627,414,2026-05-11 11:41:51,3510.29,451.22,0.0,2,"12,112",微信支付,已取消
628,20,2026-05-11 12:32:51,12102.04,1387.52,0.0,5,"218,237,74,204,214",支付宝,已完成
629,37,2026-05-11 17:28:51,768.82,74.72,0.0,2,"208,20",微信支付,已退款
630,131,2026-05-11 17:43:51,1870.82,82.49,0.0,4,"174,83,42,40",微信支付,已取消
631,224,2026-05-11 18:15:51,5649.4,697.4,0.0,5,"146,286,122,28,270",支付宝,已完成
632,361,2026-05-11 18:41:51,7481.71,85.1,0.0,5,"151,39,3,192,288",支付宝,已完成
633,455,2026-05-11 19:36:51,1829.95,24.39,0.0,2,"43,201",微信支付,已完成
634,156,2026-05-12 03:17:51,4593.59,656.18,0.0,4,"103,259,198,83",微信支付,已完成
635,335,2026-05-12 05:06:51,1205.77,74.35,0.0,4,"288,187,285,194",微信支付,已完成
636,49,2026-05-12 05:56:51,8649.04,17.01,0.0,5,"161,76,149,290,137",微信支付,已完成
637,485,2026-05-12 06:32:51,7710.73,1017.45,0.0,5,"256,108,141,114,167",支付宝,已完成
638,303,2026-05-12 09:50:51,4496.41,682.94,0.0,5,"164,181,236,101,95",支付宝,已完成
639,414,2026-05-12 13:18:51,5421.33,211.77,0.0,2,"195,198",银行卡,已完成
640,485,2026-05-12 14:11:51,644.92,62.37,0.0,4,"244,233,263,178",微信支付,已完成
641,368,2026-05-12 15:51:51,1143.75,13.01,0.0,3,"62,184,113",银行卡,已完成
642,389,2026-05-12 17:02:51,3068.88,449.84,0.0,4,"292,185,286,261",微信支付,已完成
643,168,2026-05-13 03:26:51,1382.8,94.94,0.0,1,43,支付宝,已完成
644,242,2026-05-13 05:27:51,5274.58,919.8,0.0,5,"244,18,69,294,264",支付宝,已完成
645,451,2026-05-13 05:49:51,4288.9,687.7,0.0,1,204,支付宝,已完成
646,21,2026-05-13 06:53:51,3676.9,19.51,0.0,4,"125,273,218,203",支付宝,已完成
647,237,2026-05-13 07:52:51,6967.78,578.5,0.0,2,"228,161",微信支付,已完成
648,128,2026-05-13 08:27:51,5911.03,877.06,0.0,3,"215,217,60",余额,已完成
649,273,2026-05-13 12:21:51,3579.19,206.64,0.0,1,293,微信支付,已完成
650,12,2026-05-13 15:04:51,5447.19,404.02,0.0,1,193,微信支付,已完成
651,453,2026-05-13 17:36:51,844.27,139.23,0.0,1,141,余额,已完成
652,193,2026-05-13 19:30:51,3241.84,355.86,0.0,3,"111,273,218",微信支付,已完成
653,224,2026-05-14 03:58:51,841.09,9.26,0.0,3,"137,218,106",银行卡,已完成
654,485,2026-05-14 05:14:51,788.54,95.06,0.0,2,"267,57",微信支付,已完成
655,88,2026-05-14 05:55:51,4131.31,454.94,0.0,5,"46,134,269,210,273",微信支付,已完成
656,438,2026-05-14 06:05:51,1472.91,101.63,0.0,4,"291,107,59,251",余额,已完成
657,38,2026-05-14 06:15:51,3616.69,608.92,0.0,4,"21,181,209,45",银行卡,已完成
658,243,2026-05-14 08:14:51,12973.49,440.76,0.0,3,"240,129,7",支付宝,已取消
659,70,2026-05-14 09:13:51,115.38,14.02,0.0,2,"169,202",余额,已完成
660,357,2026-05-14 09:34:51,1364.44,232.44,0.0,5,"159,136,201,150,83",支付宝,已完成
661,95,2026-05-14 11:05:51,5575.29,42.65,0.0,5,"70,36,272,158,233",微信支付,已完成
662,417,2026-05-14 12:55:51,10907.58,311.34,0.0,3,"240,193,80",支付宝,已完成
663,120,2026-05-14 13:42:51,6839.11,1119.1,0.0,2,"42,161",微信支付,已完成
664,37,2026-05-14 15:38:51,3482.34,408.95,0.0,1,162,微信支付,已完成
665,473,2026-05-14 15:43:51,4285.69,575.21,0.0,4,"65,256,182,88",微信支付,已完成
666,123,2026-05-14 16:17:51,2294.56,49.49,0.0,4,"79,235,81,167",银行卡,已完成
667,21,2026-05-14 16:27:51,726.94,2.53,0.0,2,"51,110",支付宝,已完成
668,145,2026-05-14 16:35:51,5532.13,853.19,0.0,5,"291,271,142,101,269",微信支付,已完成
669,493,2026-05-15 03:25:51,1358.96,111.9,0.0,4,"169,91,165,55",微信支付,已完成
670,61,2026-05-15 06:03:51,121.02,10.61,0.0,3,"228,34,276",微信支付,已取消
671,186,2026-05-15 06:34:51,174.29,18.43,0.0,2,"292,69",微信支付,已完成
672,15,2026-05-15 07:07:51,2653.89,76.15,0.0,5,"225,39,244,168,27",微信支付,已完成
673,344,2026-05-15 10:22:51,8311.29,573.96,0.0,5,"11,28,118,112,143",支付宝,已完成
674,47,2026-05-15 11:52:51,8017.09,409.26,0.0,4,"64,80,101,121",支付宝,已完成
675,247,2026-05-15 13:01:51,2710.33,375.56,0.0,2,"49,246",支付宝,已完成
676,14,2026-05-15 14:14:51,120.11,14.21,0.0,1,134,支付宝,已完成
677,21,2026-05-15 15:00:51,3791.51,623.3,0.0,4,"21,79,141,238",支付宝,已完成
678,227,2026-05-15 16:25:51,7084.36,15.59,0.0,3,"182,6,75",微信支付,已完成
679,114,2026-05-15 17:48:51,420.71,13.99,0.0,1,213,微信支付,已完成
680,244,2026-05-15 18:07:51,366.64,2.4,0.0,1,80,微信支付,已完成
681,187,2026-05-15 18:24:51,3488.95,338.26,0.0,3,"13,257,167",支付宝,已取消
682,295,2026-05-15 19:36:51,29.68,1.59,6.03,1,135,支付宝,已完成
683,147,2026-05-16 06:23:51,6447.11,358.09,0.0,2,"108,104",微信支付,已完成
684,419,2026-05-16 06:49:51,7271.15,458.44,0.0,2,"175,47",余额,已完成
685,263,2026-05-16 09:39:51,3448.79,169.28,0.0,1,47,微信支付,已完成
686,286,2026-05-16 12:00:51,4164.68,55.58,0.0,3,"290,184,21",银行卡,已完成
687,112,2026-05-16 12:26:51,7580.74,1187.32,0.0,4,"74,241,55,265",银行卡,已完成
688,488,2026-05-16 12:59:51,25.82,0.88,6.75,1,228,微信支付,已完成
689,199,2026-05-16 14:00:51,5111.29,457.24,0.0,5,"103,208,224,119,68",支付宝,已完成
690,167,2026-05-16 15:02:51,1145.88,30.7,0.0,1,198,微信支付,已完成
691,412,2026-05-16 17:11:51,1991.11,95.3,0.0,3,"186,46,128",微信支付,已完成
692,389,2026-05-16 19:19:51,6598.12,565.6,0.0,5,"269,219,221,261,105",支付宝,已完成
693,400,2026-05-17 03:29:51,4726.28,457.0,0.0,3,"36,105,207",微信支付,已完成
694,70,2026-05-17 08:37:51,955.87,89.63,0.0,2,"242,276",微信支付,已取消
695,282,2026-05-17 15:04:51,2072.29,151.88,0.0,3,"40,283,75",银行卡,已完成
696,100,2026-05-17 15:57:51,409.35,53.14,0.0,2,"171,19",微信支付,已完成
697,457,2026-05-17 16:06:51,128.89,4.69,0.0,1,254,微信支付,已完成
698,254,2026-05-17 16:42:51,502.39,13.01,0.0,1,157,支付宝,已完成
699,384,2026-05-17 17:27:51,6300.37,1062.69,0.0,3,"58,273,171",微信支付,已完成
700,143,2026-05-17 17:46:51,8781.06,21.92,0.0,5,"2,18,138,59,98",微信支付,已完成
701,404,2026-05-17 18:31:51,1310.44,199.63,0.0,4,"241,139,15,104",微信支付,已完成
702,125,2026-05-17 18:57:51,1050.85,40.5,0.0,4,"166,181,176,189",支付宝,已完成
703,77,2026-05-17 19:40:51,7419.92,98.64,0.0,5,"252,168,51,294,284",微信支付,已完成
704,377,2026-05-18 08:03:51,283.39,42.35,0.0,1,51,微信支付,已完成
705,408,2026-05-18 10:23:51,117.91,14.0,0.0,1,136,支付宝,已完成
706,179,2026-05-18 12:47:51,874.39,2.41,0.0,4,"123,48,119,167",支付宝,已完成
707,224,2026-05-18 13:32:51,7729.98,770.94,0.0,4,"298,10,124,128",支付宝,已完成
708,335,2026-05-18 17:06:51,172.99,29.0,0.0,1,38,支付宝,已完成
709,124,2026-05-19 04:47:51,9410.16,665.43,0.0,4,"258,93,236,293",支付宝,已完成
710,203,2026-05-19 06:50:51,534.77,51.5,0.0,2,"66,286",余额,已完成
711,400,2026-05-19 07:42:51,2099.76,23.59,0.0,3,"168,275,235",支付宝,已完成
712,426,2026-05-19 09:46:51,6971.48,1037.37,0.0,4,"38,289,84,163",微信支付,已完成
713,343,2026-05-19 18:26:51,5092.91,243.6,0.0,5,"244,218,144,41,103",银行卡,已完成
714,189,2026-05-19 18:52:51,1067.25,79.77,0.0,4,"149,276,199,169",支付宝,已完成
715,192,2026-05-19 19:28:51,112.66,8.43,0.0,1,123,支付宝,已取消
716,1,2026-05-20 02:59:51,3369.93,95.54,0.0,5,"39,196,285,163,142",微信支付,已完成
717,479,2026-05-20 04:27:51,6279.98,1105.0,0.0,4,"63,22,297,205",微信支付,已完成
718,38,2026-05-20 04:29:51,411.0,38.41,0.0,1,212,微信支付,已完成
719,45,2026-05-20 05:24:51,471.15,18.98,0.0,2,"123,80",支付宝,已完成
720,161,2026-05-20 06:08:51,9922.34,1371.15,0.0,5,"172,76,59,56,162",微信支付,已完成
721,135,2026-05-20 06:09:51,210.43,18.41,0.0,2,"269,265",微信支付,已完成
722,368,2026-05-20 06:38:51,152.23,25.71,0.0,1,264,银行卡,已完成
723,45,2026-05-20 07:20:51,1090.46,125.08,0.0,4,"101,238,80,39",微信支付,已完成
724,393,2026-05-20 07:32:51,6779.74,920.08,0.0,2,"33,74",支付宝,已完成
725,132,2026-05-20 07:39:51,206.09,15.73,0.0,2,"11,86",微信支付,已完成
726,57,2026-05-20 07:55:51,6661.55,404.94,0.0,3,"29,101,10",银行卡,已完成
727,470,2026-05-20 08:55:51,4897.73,755.32,0.0,3,"164,30,285",微信支付,已完成
728,313,2026-05-20 09:27:51,14172.79,111.24,0.0,5,"176,54,70,1,264",微信支付,已完成
729,210,2026-05-20 14:06:51,870.0,31.06,0.0,4,"222,95,33,90",支付宝,已完成
730,46,2026-05-20 14:53:51,15060.67,1476.19,0.0,5,"162,49,298,190,297",支付宝,已完成
731,313,2026-05-21 03:45:51,204.63,2.09,0.0,1,288,微信支付,已完成
732,46,2026-05-21 04:30:51,6020.99,490.07,0.0,3,"126,279,116",余额,已完成
733,436,2026-05-21 04:55:51,10195.17,411.26,0.0,4,"13,15,224,172",支付宝,已完成
734,426,2026-05-21 05:19:51,576.59,67.76,0.0,1,183,支付宝,已完成
735,123,2026-05-21 07:07:51,8620.42,813.76,0.0,4,"235,247,231,240",支付宝,已完成
736,143,2026-05-21 07:58:51,6667.68,543.33,0.0,5,"247,221,76,168,47",支付宝,已退款
737,373,2026-05-21 08:43:51,280.45,35.65,0.0,1,217,银行卡,已完成
738,104,2026-05-21 10:01:51,887.65,54.84,0.0,3,"227,33,275",银行卡,已完成
739,339,2026-05-21 13:20:51,8557.69,1288.35,0.0,4,"81,185,99,15",银行卡,已完成
740,452,2026-05-21 17:37:51,1745.06,285.87,0.0,4,"290,230,128,75",微信支付,已完成
741,99,2026-05-22 04:49:51,2689.59,394.82,0.0,1,13,微信支付,已完成
742,284,2026-05-22 07:26:51,315.56,19.09,0.0,1,118,支付宝,已完成
743,74,2026-05-22 11:29:51,4175.14,234.94,0.0,3,"77,37,80",支付宝,已完成
744,273,2026-05-22 12:48:51,333.91,15.38,0.0,1,178,银行卡,已完成
745,1,2026-05-22 13:52:51,3638.53,93.02,0.0,2,"95,6",微信支付,已完成
746,20,2026-05-22 16:26:51,100.9,0.33,11.55,1,86,余额,已完成
747,323,2026-05-22 16:59:51,1909.87,221.77,0.0,5,"205,156,154,96,255",微信支付,已完成
748,359,2026-05-22 17:19:51,3620.69,349.25,0.0,3,"179,182,169",微信支付,已完成
749,297,2026-05-22 19:43:51,1185.32,56.8,0.0,3,"209,135,225",微信支付,已完成
750,462,2026-05-23 04:35:51,3600.2,434.9,0.0,2,"6,235",银行卡,已完成
751,438,2026-05-23 08:00:51,2291.83,140.51,0.0,5,"150,31,35,189,206",微信支付,已完成
752,123,2026-05-23 09:39:51,83.08,8.77,5.46,1,48,微信支付,已完成
753,131,2026-05-23 12:39:51,1037.41,175.1,0.0,2,"67,106",微信支付,已完成
754,179,2026-05-23 12:51:51,3029.9,53.65,0.0,2,"246,148",微信支付,已完成
755,141,2026-05-23 15:06:51,2159.35,7.59,0.0,3,"286,255,55",微信支付,已完成
756,56,2026-05-23 16:38:51,132.52,17.42,0.0,1,72,支付宝,已完成
757,484,2026-05-24 03:12:51,1358.82,125.7,0.0,2,"67,152",支付宝,已完成
758,381,2026-05-24 05:54:51,674.51,38.84,0.0,4,"189,228,257,128",支付宝,已完成
759,274,2026-05-24 08:14:51,5207.81,757.15,0.0,3,"233,288,287",微信支付,已完成
760,115,2026-05-24 08:25:51,1878.28,48.31,0.0,4,"127,281,148,180",微信支付,已完成
761,140,2026-05-24 11:21:51,6171.59,321.4,0.0,4,"235,71,175,160",支付宝,已完成
762,420,2026-05-24 16:20:51,6482.78,11.53,0.0,3,"258,63,106",支付宝,已完成
763,77,2026-05-24 16:23:51,6510.43,314.15,0.0,2,"222,10",银行卡,已完成
764,480,2026-05-24 16:38:51,147.02,16.34,0.0,1,27,微信支付,已完成
765,215,2026-05-24 17:07:51,5467.73,640.91,0.0,3,"240,160,97",微信支付,已完成
766,303,2026-05-24 17:55:51,6831.19,853.15,0.0,4,"223,251,175,62",支付宝,已完成
767,45,2026-05-24 18:00:51,157.49,7.82,0.0,2,"259,111",微信支付,已完成
768,249,2026-05-25 04:37:51,5646.17,207.0,0.0,3,"28,150,199",银行卡,已完成
769,178,2026-05-25 05:36:51,1732.98,231.01,0.0,2,"40,85",微信支付,已完成
770,168,2026-05-25 06:27:51,516.89,68.19,0.0,1,167,银行卡,已完成
771,34,2026-05-25 07:15:51,5230.05,132.54,0.0,3,"268,120,218",支付宝,已完成
772,257,2026-05-25 07:16:51,85.13,3.31,10.93,1,154,支付宝,已完成
773,459,2026-05-25 07:55:51,3322.65,201.75,0.0,5,"278,155,76,212,221",余额,已完成
774,58,2026-05-25 08:20:51,1263.88,134.75,0.0,5,"57,213,114,295,63",微信支付,已退款
775,493,2026-05-25 08:32:51,1812.22,1.94,0.0,4,"224,202,68,133",支付宝,已完成
776,5,2026-05-25 09:44:51,6206.29,126.61,0.0,4,"83,164,208,283",余额,已完成
777,21,2026-05-25 09:54:51,3773.57,211.26,0.0,3,"273,63,239",微信支付,已完成
778,490,2026-05-25 12:38:51,7556.4,543.4,0.0,3,"133,54,254",支付宝,已完成
779,26,2026-05-25 13:42:51,3092.97,538.64,0.0,5,"298,107,280,186,2",微信支付,已完成
780,203,2026-05-25 13:59:51,3866.77,618.61,0.0,4,"4,292,45,245",微信支付,已完成
781,169,2026-05-25 14:47:51,4480.03,669.47,0.0,4,"149,175,266,280",支付宝,已完成
782,22,2026-05-25 15:03:51,6708.04,501.35,0.0,5,"225,155,100,212,102",微信支付,已完成
783,198,2026-05-25 15:21:51,5653.28,874.05,0.0,5,"271,128,173,210,49",微信支付,已完成
784,91,2026-05-25 16:55:51,108.98,13.75,0.0,2,"153,79",银行卡,已完成
785,86,2026-05-25 17:53:51,6595.34,520.27,0.0,4,"193,22,208,51",支付宝,已完成
786,417,2026-05-25 18:45:51,2273.15,146.03,0.0,3,"221,87,35",余额,已完成
787,181,2026-05-26 02:50:51,557.52,85.08,0.0,3,"260,285,257",支付宝,已完成
788,167,2026-05-26 03:48:51,5517.03,438.09,0.0,2,"272,287",支付宝,已完成
789,214,2026-05-26 05:42:51,3207.43,411.4,0.0,1,77,微信支付,已完成
790,22,2026-05-26 08:33:51,8337.56,284.5,0.0,4,"26,142,38,220",微信支付,已完成
791,178,2026-05-26 11:04:51,13162.56,810.0,0.0,5,"142,279,295,36,177",余额,已完成
792,313,2026-05-26 11:50:51,399.98,8.93,0.0,2,"125,100",微信支付,已完成
793,366,2026-05-26 12:52:51,742.48,70.74,0.0,3,"275,256,33",微信支付,已完成
794,249,2026-05-26 14:48:51,1039.1,131.84,0.0,4,"180,236,139,230",银行卡,已完成
795,215,2026-05-26 15:42:51,954.87,81.55,0.0,3,"139,125,260",支付宝,已完成
796,34,2026-05-26 16:35:51,9186.99,617.42,0.0,4,"204,138,278,17",微信支付,已完成
797,420,2026-05-26 16:55:51,168.32,27.0,0.0,1,150,微信支付,已完成
798,274,2026-05-26 17:51:51,1741.29,22.78,0.0,3,"14,237,61",支付宝,已完成
799,353,2026-05-26 18:16:51,154.76,19.33,0.0,1,124,微信支付,已完成
800,475,2026-05-26 19:29:51,13515.98,136.6,0.0,5,"98,195,217,254,70",支付宝,已完成
801,10,2026-05-26 19:32:51,2212.58,146.88,0.0,4,"235,239,270,20",微信支付,已完成
802,470,2026-05-27 05:33:51,688.64,48.08,0.0,3,"243,156,120",支付宝,已完成
803,257,2026-05-27 06:06:51,5397.83,882.17,0.0,5,"250,39,83,190,139",支付宝,已完成
804,81,2026-05-27 06:57:51,8192.51,1310.67,0.0,3,"273,129,249",支付宝,已完成
805,187,2026-05-27 08:07:51,1087.19,152.8,0.0,3,"107,241,263",微信支付,已完成
806,38,2026-05-27 10:57:51,6505.16,490.34,0.0,5,"172,86,116,15,50",微信支付,已完成
807,125,2026-05-27 11:39:51,97.43,12.05,0.0,1,248,银行卡,已完成
808,356,2026-05-27 13:33:51,1914.58,166.62,0.0,3,"43,269,75",支付宝,已完成
809,167,2026-05-27 14:59:51,1035.75,2.82,0.0,4,"66,79,248,274",余额,已完成
810,219,2026-05-27 15:56:51,4334.23,44.58,0.0,4,"61,138,137,113",微信支付,已完成
811,462,2026-05-27 17:43:51,670.93,24.62,0.0,1,71,银行卡,已退款
812,286,2026-05-27 18:27:51,173.58,30.49,0.0,1,100,余额,已完成
813,459,2026-05-27 18:51:51,188.25,18.47,0.0,1,288,支付宝,已完成
814,373,2026-05-27 18:52:51,147.21,20.41,0.0,1,24,银行卡,已完成
815,472,2026-05-28 04:29:51,213.82,31.19,0.0,1,97,微信支付,已完成
816,308,2026-05-28 04:33:51,1167.37,19.28,0.0,2,"23,186",微信支付,已完成
817,227,2026-05-28 06:49:51,8289.35,1337.67,0.0,3,"99,182,201",支付宝,已取消
818,132,2026-05-28 09:33:51,309.4,32.22,0.0,1,205,支付宝,已完成
819,389,2026-05-28 10:06:51,976.07,52.19,0.0,2,"120,165",微信支付,已完成
820,164,2026-05-28 13:06:51,3568.67,25.46,0.0,5,"242,31,67,140,181",微信支付,已完成
821,143,2026-05-28 14:23:51,1299.54,78.71,0.0,4,"25,113,67,290",支付宝,已完成
822,135,2026-05-28 14:56:51,8480.71,876.78,0.0,5,"221,261,77,13,243",微信支付,已完成
823,344,2026-05-28 15:30:51,596.82,22.32,0.0,1,220,微信支付,已完成
824,254,2026-05-28 18:02:51,3923.03,96.67,0.0,5,"39,216,86,153,6",微信支付,已完成
825,441,2026-05-28 18:49:51,935.19,70.35,0.0,3,"226,205,65",支付宝,已完成
826,214,2026-05-28 19:10:51,5901.43,585.49,0.0,1,297,微信支付,已完成
827,38,2026-05-28 19:25:51,5856.93,561.23,0.0,3,"129,206,184",银行卡,已完成
828,189,2026-05-29 05:05:51,10224.94,403.26,0.0,5,"269,52,271,224,47",支付宝,已完成
829,435,2026-05-29 05:55:51,5505.21,888.09,0.0,3,"190,130,283",银行卡,已完成
830,112,2026-05-29 06:22:51,653.32,90.34,0.0,2,"23,178",微信支付,已完成
831,14,2026-05-29 07:14:51,4754.64,773.2,0.0,2,"254,192",微信支付,已完成
832,230,2026-05-29 08:40:51,975.18,18.84,0.0,3,"232,57,2",支付宝,已完成
833,430,2026-05-29 11:29:51,88.25,10.12,8.69,1,86,微信支付,已完成
834,98,2026-05-29 12:35:51,7294.71,176.36,0.0,5,"218,251,14,297,122",银行卡,已完成
835,10,2026-05-29 13:02:51,3486.38,282.09,0.0,5,"2,228,233,49,223",余额,已完成
836,314,2026-05-29 16:59:51,769.71,117.56,0.0,1,81,支付宝,已完成
837,193,2026-05-29 17:39:51,9018.88,1457.41,0.0,5,"215,107,151,102,97",微信支付,已完成
838,218,2026-05-30 03:35:51,7289.03,851.21,0.0,2,"54,107",微信支付,已完成
839,198,2026-05-30 03:45:51,6426.74,12.91,0.0,3,"243,258,95",支付宝,已完成
840,227,2026-05-30 04:09:51,4550.04,105.11,0.0,5,"14,201,254,21,73",银行卡,已完成
841,102,2026-05-30 06:08:51,247.12,23.74,0.0,2,"32,155",微信支付,已完成
842,13,2026-05-30 09:02:51,1507.08,234.32,0.0,5,"159,82,92,39,35",余额,已完成
843,482,2026-05-30 09:40:51,4704.16,331.53,0.0,5,"261,212,4,141,185",支付宝,已完成
844,191,2026-05-30 10:14:51,2080.55,271.18,0.0,5,"71,212,189,84,19",支付宝,已完成
845,151,2026-05-30 10:16:51,3183.36,547.98,0.0,3,"218,216,112",银行卡,已完成
846,87,2026-05-30 10:17:51,8391.02,1130.2,0.0,4,"50,254,47,172",微信支付,已完成
847,41,2026-05-30 10:50:51,7683.61,86.45,0.0,5,"96,111,297,46,232",微信支付,已完成
848,401,2026-05-30 11:19:51,1186.71,9.5,0.0,2,"298,269",支付宝,已完成
849,418,2026-05-30 12:37:51,2847.11,368.99,0.0,3,"83,270,262",支付宝,已完成
850,174,2026-05-30 12:47:51,728.09,81.16,0.0,2,"18,227",支付宝,已完成
851,41,2026-05-30 16:19:51,3833.01,469.37,0.0,3,"280,13,57",微信支付,已完成
852,178,2026-05-30 17:00:51,141.65,6.96,0.0,1,188,微信支付,已完成
853,495,2026-05-30 19:14:51,2492.29,177.69,0.0,4,"277,229,156,290",银行卡,已完成
854,391,2026-05-30 19:20:51,10669.36,827.83,0.0,4,"58,108,78,141",支付宝,已完成
855,77,2026-05-30 19:35:51,2276.21,138.24,0.0,4,"213,277,11,41",支付宝,已完成
856,43,2026-05-31 05:13:51,8482.85,1203.82,0.0,3,"251,190,268",微信支付,已完成
857,44,2026-05-31 05:44:51,2004.69,47.68,0.0,4,"197,274,235,296",余额,已完成
858,192,2026-05-31 06:24:51,6220.04,311.86,0.0,4,"258,48,133,260",支付宝,已完成
859,265,2026-05-31 06:44:51,316.34,15.35,0.0,1,181,支付宝,已完成
860,453,2026-05-31 07:31:51,1741.88,167.08,0.0,3,"186,45,82",微信支付,已完成
861,417,2026-05-31 07:39:51,6455.35,1085.4,0.0,5,"148,231,186,3,211",银行卡,已完成
862,435,2026-05-31 09:38:51,10359.47,807.97,0.0,4,"175,67,127,287",微信支付,已完成
863,116,2026-05-31 12:10:51,799.55,29.36,0.0,1,130,银行卡,已完成
864,451,2026-05-31 13:55:51,664.22,31.76,0.0,1,67,支付宝,已完成
865,131,2026-05-31 14:49:51,295.39,16.51,0.0,3,"100,285,166",银行卡,已完成
866,10,2026-05-31 15:07:51,1978.29,270.39,0.0,3,"45,49,85",支付宝,已完成
867,350,2026-05-31 16:07:51,288.97,19.84,0.0,2,"137,203",支付宝,已完成
868,337,2026-05-31 16:36:51,5689.79,282.3,0.0,4,"116,145,121,290",微信支付,已完成
869,391,2026-06-01 05:31:51,2077.67,105.43,0.0,4,"118,281,55,106",余额,已完成
870,404,2026-06-01 05:33:51,5690.91,82.22,0.0,5,"146,257,290,109,6",支付宝,已完成
871,257,2026-06-01 07:20:51,734.14,20.85,0.0,2,"167,32",微信支付,已完成
872,61,2026-06-01 07:44:51,320.79,47.04,0.0,1,146,微信支付,已退款
873,236,2026-06-01 08:44:51,2290.18,202.92,0.0,5,"65,66,151,140,236",微信支付,已完成
874,269,2026-06-01 10:05:51,6265.31,369.83,0.0,3,"132,200,25",余额,已完成
875,192,2026-06-01 15:40:51,8473.64,1025.73,0.0,5,"54,277,140,300,62",余额,已完成
876,314,2026-06-01 16:03:51,213.58,14.85,0.0,2,"69,24",支付宝,已完成
877,473,2026-06-01 17:00:51,9950.97,1501.4,0.0,5,"26,188,81,185,25",微信支付,已完成
878,478,2026-06-01 17:24:51,2153.67,26.05,0.0,4,"130,115,257,61",微信支付,已完成
879,68,2026-06-01 18:53:51,884.11,122.97,0.0,1,225,微信支付,已完成
880,394,2026-06-02 03:23:51,6466.45,683.09,0.0,5,"165,200,201,257,279",支付宝,已完成
881,394,2026-06-02 04:14:51,1364.67,128.83,0.0,4,"101,249,194,92",银行卡,已取消
882,37,2026-06-02 05:23:51,1800.58,156.48,0.0,4,"37,52,198,51",银行卡,已完成
883,213,2026-06-02 08:56:51,759.21,26.74,0.0,3,"202,39,295",微信支付,已完成
884,251,2026-06-02 12:41:51,1249.98,75.79,0.0,4,"274,61,33,226",支付宝,已完成
885,200,2026-06-02 15:40:51,4150.71,330.2,0.0,3,"44,36,12",微信支付,已完成
886,30,2026-06-02 15:51:51,588.31,59.56,0.0,2,"276,167",银行卡,已完成
887,193,2026-06-02 15:57:51,7076.34,855.96,0.0,3,"162,44,67",支付宝,已完成
888,167,2026-06-02 16:58:51,387.35,26.39,0.0,1,187,微信支付,已完成
889,198,2026-06-02 17:50:51,576.46,39.8,0.0,1,88,微信支付,已完成
890,30,2026-06-02 18:42:51,103.81,2.5,11.43,1,189,微信支付,已完成
891,303,2026-06-03 04:51:51,184.47,0.29,0.0,1,147,微信支付,已完成
892,203,2026-06-03 05:12:51,8318.43,790.38,0.0,5,"10,198,281,203,22",支付宝,已完成
893,341,2026-06-03 08:36:51,1831.7,245.26,0.0,5,"97,71,209,134,186",余额,已完成
894,389,2026-06-03 08:52:51,503.31,71.9,0.0,1,267,微信支付,已完成
895,194,2026-06-03 09:45:51,183.13,24.68,0.0,1,252,微信支付,已完成
896,164,2026-06-03 10:44:51,5499.45,852.97,0.0,3,"258,20,256",银行卡,已完成
897,273,2026-06-03 13:33:51,4980.82,110.38,0.0,3,"175,230,296",支付宝,已完成
898,243,2026-06-03 14:06:51,266.85,41.35,0.0,1,114,微信支付,已完成
899,373,2026-06-03 17:48:51,7977.46,1390.83,0.0,4,"57,81,54,213",支付宝,已完成
900,195,2026-06-03 19:35:51,548.57,87.94,0.0,3,"189,288,15",银行卡,已完成
901,305,2026-06-04 05:30:51,7415.38,695.95,0.0,5,"17,242,119,132,251",微信支付,已退款
902,102,2026-06-04 06:19:51,540.09,53.15,0.0,1,194,银行卡,已完成
903,66,2026-06-04 06:25:51,3611.97,204.61,0.0,3,"112,78,286",微信支付,已完成
904,80,2026-06-04 09:07:51,5076.03,872.74,0.0,4,"240,84,250,188",银行卡,已完成
905,59,2026-06-04 09:11:51,1187.55,174.36,0.0,3,"14,290,201",微信支付,已退款
906,367,2026-06-04 09:14:51,2127.33,319.54,0.0,5,"229,233,134,157,290",银行卡,已完成
907,430,2026-06-04 09:16:51,973.8,33.76,0.0,1,283,银行卡,已完成
908,257,2026-06-04 12:23:51,7521.73,1112.6,0.0,5,"218,182,280,298,215",微信支付,已完成
909,38,2026-06-04 12:24:51,2077.91,199.23,0.0,4,"45,16,84,281",余额,已完成
910,84,2026-06-04 13:47:51,3060.58,362.96,0.0,5,"291,205,85,39,165",支付宝,已完成
911,462,2026-06-04 14:35:51,155.73,8.95,0.0,1,90,银行卡,已完成
912,31,2026-06-04 15:04:51,3110.75,422.23,0.0,4,"113,223,284,250",支付宝,已完成
913,90,2026-06-04 15:14:51,4171.92,655.91,0.0,5,"246,224,147,299,3",微信支付,已完成
914,41,2026-06-04 15:37:51,1302.95,196.01,0.0,4,"260,299,264,241",微信支付,已完成
915,38,2026-06-04 16:13:51,9565.91,872.39,0.0,2,"177,7",银行卡,已完成
916,297,2026-06-04 16:26:51,3812.35,293.33,0.0,1,164,支付宝,已完成
917,194,2026-06-04 16:43:51,4332.54,115.39,0.0,1,98,支付宝,已完成
918,390,2026-06-04 17:56:51,532.42,81.2,0.0,3,"113,139,250",支付宝,已完成
919,136,2026-06-04 18:03:51,640.7,0.19,0.0,2,"243,95",余额,已完成
920,12,2026-06-04 18:12:51,1579.63,167.07,0.0,4,"269,267,12,282",微信支付,已完成
921,413,2026-06-04 19:39:51,6222.03,358.01,0.0,1,108,微信支付,已完成
922,135,2026-06-05 02:54:51,11514.07,135.73,0.0,4,"161,103,24,167",支付宝,已完成
923,88,2026-06-05 03:47:51,2621.42,386.23,0.0,1,7,支付宝,已完成
924,191,2026-06-05 08:52:51,3649.83,516.77,0.0,4,"24,187,182,29",微信支付,已完成
925,272,2026-06-05 10:50:51,1550.95,229.52,0.0,5,"122,290,71,133,155",微信支付,已完成
926,295,2026-06-05 11:39:51,112.94,18.97,0.0,1,136,微信支付,已完成
927,100,2026-06-05 13:08:51,3686.66,47.19,0.0,3,"170,148,8",支付宝,已完成
928,91,2026-06-05 13:50:51,853.36,33.91,0.0,1,81,支付宝,已完成
929,381,2026-06-05 14:24:51,676.24,16.12,0.0,2,"52,291",支付宝,已完成
930,457,2026-06-05 15:35:51,515.46,61.88,0.0,2,"106,69",支付宝,已完成
931,300,2026-06-05 18:14:51,6252.78,708.5,0.0,4,"156,12,277,287",微信支付,已完成
932,391,2026-06-05 18:15:51,11983.91,459.18,0.0,3,"14,195,161",支付宝,已完成
933,417,2026-06-06 03:24:51,13398.42,234.07,0.0,5,"281,161,24,29,204",微信支付,已完成
934,169,2026-06-06 03:24:51,873.12,64.46,0.0,2,"36,292",微信支付,已完成
935,220,2026-06-06 06:18:51,23.16,2.21,5.42,1,228,微信支付,已完成
936,305,2026-06-06 07:03:51,1070.93,33.87,0.0,2,"90,168",微信支付,已完成
937,244,2026-06-06 08:47:51,144.13,23.44,0.0,1,156,银行卡,已取消
938,90,2026-06-06 10:32:51,1183.24,157.64,0.0,3,"200,137,197",支付宝,已完成
939,189,2026-06-06 10:53:51,330.52,25.78,0.0,2,"24,238",银行卡,已完成
940,488,2026-06-06 10:57:51,4656.82,276.25,0.0,5,"181,100,60,188,242",微信支付,已完成
941,214,2026-06-06 11:33:51,4631.76,312.55,0.0,4,"42,245,288,281",微信支付,已完成
942,186,2026-06-06 13:03:51,501.39,1.31,0.0,2,"260,119",银行卡,已完成
943,484,2026-06-06 13:17:51,923.18,161.01,0.0,5,"184,272,286,149,32",微信支付,已完成
944,363,2026-06-06 15:02:51,116.96,6.52,0.0,1,243,银行卡,已完成
945,167,2026-06-06 15:53:51,480.25,40.3,0.0,1,62,支付宝,已完成
946,470,2026-06-06 19:33:51,7183.12,343.21,0.0,1,161,支付宝,已完成
947,414,2026-06-07 05:02:51,598.89,6.35,0.0,3,"214,189,32",支付宝,已完成
948,133,2026-06-07 05:16:51,8984.24,1133.98,0.0,2,"112,297",微信支付,已完成
949,456,2026-06-07 08:06:51,866.36,16.27,0.0,4,"154,32,184,292",余额,已完成
950,297,2026-06-07 08:29:51,2375.61,371.62,0.0,5,"40,63,9,291,260",支付宝,已完成
951,198,2026-06-07 09:55:51,5441.3,709.68,0.0,3,"234,132,101",微信支付,已完成
952,384,2026-06-07 10:34:51,1217.06,171.13,0.0,3,"62,291,252",银行卡,已完成
953,104,2026-06-07 11:38:51,314.32,2.35,0.0,2,"147,292",支付宝,已完成
954,273,2026-06-07 12:39:51,8154.93,659.89,0.0,3,"216,70,195",支付宝,已完成
955,323,2026-06-07 14:37:51,5051.42,378.06,0.0,2,"58,8",余额,已完成
956,477,2026-06-07 14:47:51,5844.25,769.56,0.0,3,"186,4,294",微信支付,已完成
957,485,2026-06-07 14:50:51,5076.99,330.94,0.0,1,129,支付宝,已完成
958,160,2026-06-07 15:25:51,7248.35,1017.78,0.0,2,"74,282",微信支付,已完成
959,38,2026-06-07 16:29:51,3901.06,60.66,0.0,4,"250,142,163,41",微信支付,已完成
960,459,2026-06-07 17:04:51,1643.17,143.25,0.0,5,"118,157,214,140,106",支付宝,已完成
961,295,2026-06-07 17:06:51,10410.94,290.05,0.0,4,"200,77,30,204",余额,已完成
962,269,2026-06-07 17:46:51,1201.72,5.41,0.0,3,"69,208,167",微信支付,已完成
963,136,2026-06-07 19:19:51,5288.52,797.65,0.0,5,"279,248,12,90,101",支付宝,已完成
964,186,2026-06-07 19:23:51,8337.72,47.43,0.0,3,"10,168,291",支付宝,已完成
965,10,2026-06-08 04:19:51,6599.56,135.5,0.0,3,"166,235,99",微信支付,已完成
966,366,2026-06-08 04:41:51,617.65,96.2,0.0,3,"153,62,111",微信支付,已完成
967,459,2026-06-08 04:42:51,3668.33,66.23,0.0,3,"66,159,7",微信支付,已完成
968,334,2026-06-08 05:07:51,3919.12,264.59,0.0,3,"86,114,293",余额,已完成
969,418,2026-06-08 05:45:51,16107.95,287.62,0.0,4,"10,28,274,195",微信支付,已完成
970,87,2026-06-08 05:56:51,6024.72,62.67,0.0,2,"172,274",银行卡,已完成
971,367,2026-06-08 06:47:51,10039.22,530.03,0.0,4,"108,137,154,47",支付宝,已完成
972,178,2026-06-08 07:30:51,1371.18,158.4,0.0,4,"131,4,69,142",银行卡,已完成
973,489,2026-06-08 08:05:51,304.64,9.51,0.0,2,"236,27",微信支付,已完成
974,53,2026-06-08 12:14:51,925.46,35.77,0.0,2,"169,94",微信支付,已完成
975,332,2026-06-08 12:59:51,4595.3,52.24,0.0,4,"236,272,293,66",微信支付,已完成
976,86,2026-06-08 13:16:51,50.23,6.06,6.81,1,96,支付宝,已完成
977,224,2026-06-08 14:57:51,353.26,41.47,0.0,2,"158,111",支付宝,已完成
978,418,2026-06-08 15:28:51,552.48,71.97,0.0,1,82,支付宝,已完成
979,484,2026-06-08 16:33:51,1246.69,136.54,0.0,2,"113,229",支付宝,已完成
980,135,2026-06-08 16:58:51,7033.58,341.9,0.0,4,"295,294,209,224",微信支付,已完成
981,257,2026-06-08 17:17:51,3302.05,297.01,0.0,2,"133,103",微信支付,已完成
982,5,2026-06-08 19:15:51,594.37,4.9,0.0,3,"276,106,228",银行卡,已完成
983,336,2026-06-09 03:46:51,46.47,3.31,9.59,1,218,微信支付,已完成
984,473,2026-06-09 04:33:51,4853.48,163.39,0.0,5,"144,58,228,263,119",支付宝,已取消
985,165,2026-06-09 06:11:51,1341.74,53.9,0.0,4,"14,150,76,95",支付宝,已完成
986,332,2026-06-09 07:16:51,5979.45,630.71,0.0,5,"24,34,44,211,63",余额,已完成
987,353,2026-06-09 09:45:51,5572.39,970.92,0.0,4,"147,229,214,28",支付宝,已完成
988,123,2026-06-09 10:07:51,4461.09,134.26,0.0,2,"229,44",余额,已完成
989,164,2026-06-09 10:46:51,910.83,88.08,0.0,1,131,支付宝,已完成
990,373,2026-06-09 12:09:51,9032.76,260.99,0.0,5,"193,82,249,168,56",微信支付,已完成
991,215,2026-06-09 12:32:51,7102.44,550.98,0.0,4,"77,122,21,237",银行卡,已取消
992,98,2026-06-09 13:19:51,7375.23,362.7,0.0,1,54,支付宝,已完成
993,257,2026-06-09 13:27:51,1732.52,186.09,0.0,5,"274,36,15,269,16",微信支付,已完成
994,488,2026-06-09 14:34:51,7359.45,187.73,0.0,3,"160,132,67",微信支付,已完成
995,423,2026-06-09 16:13:51,1264.9,212.52,0.0,4,"93,79,225,140",支付宝,已取消
996,191,2026-06-09 16:36:51,4753.79,18.76,0.0,3,"82,275,293",微信支付,已完成
997,488,2026-06-10 03:14:51,1095.1,65.17,0.0,4,"51,65,174,171",支付宝,已完成
998,356,2026-06-10 03:52:51,624.33,35.5,0.0,1,291,微信支付,已完成
999,356,2026-06-10 04:52:51,186.8,28.17,0.0,1,91,支付宝,已完成
1000,131,2026-06-10 05:14:51,3425.87,364.01,0.0,4,"233,215,123,247",微信支付,已完成
1001,259,2026-06-10 06:07:51,1049.96,10.67,0.0,3,"126,200,134",微信支付,已完成
1002,219,2026-06-10 07:17:51,7003.48,232.33,0.0,4,"279,104,65,225",支付宝,已完成
1003,462,2026-06-10 07:46:51,669.92,58.05,0.0,2,"20,120",微信支付,已完成
1004,417,2026-06-10 13:03:51,109.13,0.35,0.0,1,248,微信支付,已完成
1005,194,2026-06-10 13:52:51,3963.05,484.88,0.0,1,98,支付宝,已完成
1006,125,2026-06-10 14:10:51,4434.92,195.23,0.0,4,"291,21,52,282",微信支付,已完成
1007,124,2026-06-10 15:31:51,959.16,24.28,0.0,3,"241,228,2",微信支付,已完成
1008,214,2026-06-10 15:48:51,862.83,133.14,0.0,4,"209,90,259,55",支付宝,已完成
1009,152,2026-06-10 17:52:51,7187.76,603.32,0.0,5,"191,63,112,157,13",微信支付,已完成
1010,192,2026-06-10 17:54:51,5414.3,215.85,0.0,3,"165,34,240",支付宝,已完成
1011,365,2026-06-11 03:13:51,15844.8,1133.48,0.0,5,"97,64,102,164,245",银行卡,已完成
1012,171,2026-06-11 04:52:51,11276.68,470.03,0.0,2,"26,164",微信支付,已完成
1013,251,2026-06-11 05:09:51,3749.01,26.92,0.0,2,"138,157",支付宝,已完成
1014,413,2026-06-11 07:34:51,5267.14,413.41,0.0,4,"210,202,226,294",支付宝,已完成
1015,195,2026-06-11 11:24:51,4745.63,368.63,0.0,4,"238,100,190,90",支付宝,已完成
1016,37,2026-06-11 13:37:51,962.45,138.38,0.0,1,298,支付宝,已完成
1017,232,2026-06-11 13:42:51,5831.72,40.97,0.0,1,99,支付宝,已完成
1018,393,2026-06-11 14:31:51,156.51,8.17,0.0,1,90,微信支付,已完成
1019,489,2026-06-11 16:07:51,1003.34,163.42,0.0,4,"254,183,147,100",微信支付,已完成
1020,20,2026-06-11 16:55:51,6886.12,529.75,0.0,5,"95,211,250,290,273",余额,已完成
1021,350,2026-06-11 17:22:51,442.95,64.21,0.0,2,"123,274",支付宝,已完成
1022,44,2026-06-11 18:33:51,554.72,30.51,0.0,2,"252,22",银行卡,已完成
1023,413,2026-06-11 19:26:51,4606.75,614.46,0.0,5,"34,69,84,207,105",微信支付,已完成
1024,244,2026-06-12 03:21:51,293.29,0.34,0.0,1,137,微信支付,已完成
1025,381,2026-06-12 05:04:51,1370.13,52.04,0.0,3,"191,65,120",支付宝,已完成
1026,95,2026-06-12 06:10:51,901.25,90.21,0.0,3,"228,38,144",银行卡,已完成
1027,274,2026-06-12 08:36:51,4112.73,114.39,0.0,3,"55,245,149",银行卡,已完成
1028,12,2026-06-12 10:08:51,5482.45,255.45,0.0,4,"112,82,148,141",微信支付,已完成
1029,418,2026-06-12 10:39:51,4224.87,132.55,0.0,5,"283,137,163,228,197",微信支付,已完成
1030,49,2026-06-12 10:48:51,156.89,11.43,0.0,1,295,微信支付,已完成
1031,477,2026-06-12 10:55:51,1343.53,201.02,0.0,2,"31,218",微信支付,已取消
1032,192,2026-06-12 12:33:51,2498.99,282.63,0.0,4,"159,151,198,150",微信支付,已完成
1033,240,2026-06-12 13:59:51,6314.38,335.13,0.0,3,"148,281,271",微信支付,已完成
1034,311,2026-06-12 14:33:51,8159.52,905.8,0.0,5,"246,199,157,149,204",微信支付,已完成
1035,232,2026-06-12 15:50:51,94.13,0.73,8.47,1,48,微信支付,已完成
1036,373,2026-06-12 16:38:51,4893.09,467.63,0.0,5,"247,53,158,267,261",微信支付,已完成
1037,70,2026-06-12 17:25:51,3946.85,357.56,0.0,2,"139,162",支付宝,已退款
1038,308,2026-06-13 03:59:51,10352.68,1738.01,0.0,5,"121,213,99,151,251",微信支付,已取消
1039,387,2026-06-13 04:30:51,5308.87,782.42,0.0,4,"40,225,284,58",微信支付,已完成
1040,461,2026-06-13 04:52:51,1903.21,33.03,0.0,2,"42,31",银行卡,已完成
1041,236,2026-06-13 07:37:51,5876.79,977.31,0.0,5,"284,234,102,48,71",支付宝,已完成
1042,124,2026-06-13 09:21:51,5711.85,501.05,0.0,5,"38,278,127,226,190",银行卡,已完成
1043,438,2026-06-13 09:39:51,10650.29,870.68,0.0,2,"193,253",余额,已完成
1044,323,2026-06-13 14:19:51,1296.17,204.16,0.0,2,"281,282",微信支付,已完成
1045,193,2026-06-13 16:45:51,8103.08,1153.21,0.0,5,"277,30,227,262,204",银行卡,已完成
1046,259,2026-06-13 18:05:51,2484.22,391.75,0.0,5,"55,296,134,84,283",支付宝,已完成
1047,41,2026-06-13 18:44:51,6879.78,746.44,0.0,4,"191,65,85,192",余额,已完成
1048,248,2026-06-14 02:48:51,49.42,1.7,9.71,1,166,支付宝,已完成
1049,412,2026-06-14 02:55:51,15830.05,157.68,0.0,5,"74,161,115,146,153",微信支付,已完成
1050,313,2026-06-14 04:26:51,5089.44,332.02,0.0,4,"224,245,15,96",支付宝,已完成
1051,137,2026-06-14 04:30:51,6616.28,183.9,0.0,3,"184,193,120",微信支付,已完成
1052,139,2026-06-14 04:50:51,1599.73,84.08,0.0,5,"232,124,22,228,46",银行卡,已完成
1053,219,2026-06-14 05:30:51,3475.37,575.82,0.0,2,"162,142",微信支付,已完成
1054,165,2026-06-14 10:17:51,2463.1,292.83,0.0,4,"179,141,296,46",微信支付,已完成
1055,138,2026-06-14 12:23:51,837.06,61.94,0.0,3,"167,69,251",银行卡,已完成
1056,389,2026-06-14 12:57:51,7829.05,760.42,0.0,5,"188,173,33,177,40",微信支付,已完成
1057,350,2026-06-14 16:41:51,1145.62,109.84,0.0,1,85,支付宝,已完成
1058,353,2026-06-14 16:54:51,11318.28,650.78,0.0,5,"182,74,133,116,196",微信支付,已完成
1059,345,2026-06-14 17:37:51,5301.26,503.9,0.0,4,"137,168,98,243",余额,已完成
1060,417,2026-06-14 18:40:51,432.09,2.61,0.0,1,213,银行卡,已完成
1061,125,2026-06-15 02:59:51,4152.73,650.72,0.0,3,"249,251,162",微信支付,已完成
1062,434,2026-06-15 03:56:51,727.32,74.92,0.0,2,"66,4",余额,已完成
1063,303,2026-06-15 10:10:51,7318.52,711.32,0.0,5,"138,217,299,293,126",余额,已完成
1064,493,2026-06-15 10:39:51,3439.74,554.25,0.0,2,"13,280",支付宝,已完成
1065,43,2026-06-15 10:41:51,5345.27,304.88,0.0,4,"45,288,23,190",微信支付,已完成
1066,409,2026-06-15 11:09:51,5100.55,19.71,0.0,3,"175,135,141",支付宝,已完成
1067,21,2026-06-15 11:11:51,1286.15,159.08,0.0,4,"14,197,188,187",支付宝,已完成
1068,300,2026-06-15 12:29:51,1921.55,292.73,0.0,2,"104,221",微信支付,已完成
1069,44,2026-06-15 13:48:51,7008.05,171.52,0.0,2,"10,23",微信支付,已完成
1070,361,2026-06-15 14:58:51,2884.99,337.23,0.0,1,117,微信支付,已完成
1071,257,2026-06-15 15:32:51,3826.29,397.99,0.0,5,"256,212,29,101,117",支付宝,已完成
1072,368,2026-06-15 16:10:51,7941.75,748.58,0.0,3,"287,163,93",支付宝,已完成
1073,31,2026-06-15 16:22:51,8531.21,713.93,0.0,5,"141,94,118,98,163",银行卡,已退款
1074,68,2026-06-15 16:32:51,4828.53,743.31,0.0,4,"30,219,95,231",微信支付,已取消
1075,313,2026-06-15 17:37:51,828.94,36.48,0.0,1,94,余额,已完成
1076,384,2026-06-16 04:03:51,362.61,4.31,0.0,3,"154,123,295",微信支付,已完成
1077,484,2026-06-16 07:00:51,6297.94,921.21,0.0,5,"99,299,178,16,15",微信支付,已完成
1078,430,2026-06-16 08:39:51,224.71,2.52,0.0,2,"135,38",支付宝,已完成
1079,81,2026-06-16 09:45:51,7168.5,969.3,0.0,5,"186,262,268,157,20",余额,已完成
1080,389,2026-06-16 09:53:51,1216.82,117.0,0.0,3,"235,292,191",微信支付,已完成
1081,125,2026-06-16 10:01:51,1138.46,151.01,0.0,2,"9,75",银行卡,已完成
1082,165,2026-06-16 10:17:51,1518.29,34.95,0.0,3,"141,92,107",支付宝,已完成
1083,413,2026-06-16 11:17:51,843.42,136.5,0.0,4,"226,79,144,78",支付宝,已完成
1084,30,2026-06-16 11:37:51,482.65,59.0,0.0,1,261,支付宝,已完成
1085,484,2026-06-16 13:05:51,7411.9,245.42,0.0,4,"295,160,259,108",微信支付,已完成
1086,32,2026-06-16 17:11:51,1026.47,163.07,0.0,4,"75,261,169,259",微信支付,已完成
1087,431,2026-06-16 17:24:51,648.24,12.59,0.0,2,"194,250",支付宝,已完成
1088,151,2026-06-16 18:53:51,6831.41,331.78,0.0,3,"171,148,108",微信支付,已完成
1089,59,2026-06-17 03:06:51,972.84,10.66,0.0,1,141,支付宝,已完成
1090,164,2026-06-17 03:16:51,1798.3,184.92,0.0,2,"241,1",支付宝,已完成
1091,168,2026-06-17 03:28:51,5907.51,191.14,0.0,3,"268,118,81",支付宝,已完成
1092,13,2026-06-17 04:05:51,1012.45,54.61,0.0,4,"92,11,84,202",支付宝,已完成
1093,273,2026-06-17 04:23:51,853.46,132.5,0.0,3,"97,100,241",微信支付,已完成
1094,282,2026-06-17 06:17:51,5835.48,154.05,0.0,2,"102,261",支付宝,已完成
1095,257,2026-06-17 06:54:51,898.55,39.26,0.0,2,"36,11",银行卡,已完成
1096,87,2026-06-17 07:25:51,483.24,60.16,0.0,2,"286,212",微信支付,已完成
1097,303,2026-06-17 11:34:51,1416.14,170.98,0.0,1,8,支付宝,已完成
1098,462,2026-06-17 13:21:51,205.36,1.34,0.0,1,3,微信支付,已完成
1099,231,2026-06-17 19:27:51,4990.95,434.22,0.0,4,"141,131,103,153",微信支付,已完成
1100,66,2026-06-18 02:47:51,478.01,42.54,0.0,1,62,微信支付,已完成
1101,187,2026-06-18 03:57:51,12003.25,274.62,0.0,3,"186,297,240",微信支付,已完成
1102,147,2026-06-18 07:09:51,4179.12,587.07,0.0,3,"63,116,293",支付宝,已完成
1103,82,2026-06-18 07:29:51,6106.79,798.46,0.0,5,"27,280,166,246,215",微信支付,已完成
1104,314,2026-06-18 08:04:51,7781.68,378.23,0.0,3,"21,78,268",支付宝,已完成
1105,418,2026-06-18 10:10:51,5604.53,431.71,0.0,5,"96,184,43,27,58",微信支付,已取消
1106,339,2026-06-18 10:55:51,7235.67,639.36,0.0,5,"273,11,269,194,47",微信支付,已完成
1107,417,2026-06-18 12:33:51,1610.9,104.77,0.0,2,"250,170",支付宝,已完成
1108,102,2026-06-18 12:38:51,622.6,104.42,0.0,1,277,银行卡,已完成
1109,46,2026-06-18 14:09:51,4943.0,64.03,0.0,5,"280,24,251,44,181",微信支付,已完成
1110,113,2026-06-18 14:15:51,3346.03,28.96,0.0,2,"145,13",银行卡,已完成
1111,434,2026-06-18 16:01:51,6526.41,38.65,0.0,5,"267,91,198,190,196",微信支付,已完成
1112,165,2026-06-18 19:19:51,751.21,69.75,0.0,1,235,余额,已完成
1113,336,2026-06-19 03:57:51,790.54,30.42,0.0,1,235,微信支付,已完成
1114,358,2026-06-19 04:14:51,417.38,20.5,0.0,2,"203,296",微信支付,已完成
1115,12,2026-06-19 05:34:51,8508.51,159.3,0.0,4,"146,249,53,175",微信支付,已完成
1116,308,2026-06-19 06:38:51,1316.77,78.45,0.0,2,"198,272",支付宝,已完成
1117,45,2026-06-19 06:47:51,1301.87,144.47,0.0,1,1,微信支付,已完成
1118,461,2026-06-19 10:28:51,3474.14,296.0,0.0,5,"17,31,232,165,220",支付宝,已完成
1119,120,2026-06-19 11:06:51,940.78,66.3,0.0,1,225,微信支付,已完成
1120,80,2026-06-19 11:52:51,1408.7,109.63,0.0,2,"153,1",余额,已完成
1121,272,2026-06-19 12:44:51,4566.78,713.48,0.0,3,"60,284,30",微信支付,已完成
1122,412,2026-06-19 13:23:51,13394.83,1386.64,0.0,4,"10,131,224,294",支付宝,已完成
1123,76,2026-06-19 13:35:51,3183.78,230.82,0.0,5,"8,130,288,122,208",微信支付,已完成
1124,57,2026-06-19 13:41:51,4012.93,413.63,0.0,3,"14,103,65",微信支付,已完成
1125,166,2026-06-19 15:04:51,2378.42,389.03,0.0,4,"214,9,186,46",微信支付,已完成
1126,198,2026-06-19 15:25:51,554.04,2.94,0.0,1,230,支付宝,已完成
1127,438,2026-06-19 17:06:51,577.03,70.89,0.0,3,"252,114,136",微信支付,已完成
1128,485,2026-06-20 04:22:51,7803.78,513.93,0.0,3,"49,177,274",支付宝,已完成
1129,17,2026-06-20 06:00:51,853.37,28.99,0.0,3,"233,277,254",支付宝,已完成
1130,130,2026-06-20 06:53:51,640.81,14.32,0.0,3,"128,216,174",微信支付,已完成
1131,480,2026-06-20 07:40:51,1011.35,156.11,0.0,2,"274,9",微信支付,已取消
1132,339,2026-06-20 07:43:51,874.5,14.99,0.0,2,"152,155",微信支付,已完成
1133,391,2026-06-20 10:11:51,4941.81,489.66,0.0,3,"7,213,221",银行卡,已完成
1134,86,2026-06-20 12:47:51,1238.9,189.73,0.0,5,"50,210,285,165,183",支付宝,已完成
1135,290,2026-06-20 14:22:51,5981.36,774.15,0.0,5,"33,275,281,276,271",支付宝,已完成
1136,21,2026-06-20 14:37:51,10841.23,1036.84,0.0,4,"54,7,131,254",银行卡,已完成
1137,436,2026-06-20 14:50:51,6860.24,161.54,0.0,4,"156,130,124,193",银行卡,已取消
1138,310,2026-06-20 15:56:51,114.03,7.06,0.0,1,123,微信支付,已完成
1139,31,2026-06-20 18:30:51,658.86,37.08,0.0,2,"137,107",支付宝,已取消
1140,314,2026-06-20 19:29:51,1060.83,137.66,0.0,3,"183,202,62",支付宝,已完成
1141,31,2026-06-21 05:53:51,4908.96,641.11,0.0,3,"247,112,43",微信支付,已完成
1142,353,2026-06-21 06:15:51,4649.92,79.9,0.0,3,"105,169,179",支付宝,已完成
1143,125,2026-06-21 06:23:51,7592.48,79.89,0.0,3,"62,138,162",微信支付,已完成
1144,365,2026-06-21 06:35:51,1773.1,69.55,0.0,4,"227,251,300,281",微信支付,已完成
1145,337,2026-06-21 13:05:51,3566.79,109.41,0.0,2,"207,273",支付宝,已完成
1146,59,2026-06-21 14:13:51,9295.02,825.37,0.0,5,"93,64,253,50,187",支付宝,已完成
1147,37,2026-06-21 15:04:51,3246.61,138.09,0.0,4,"125,275,185,285",银行卡,已完成
1148,462,2026-06-21 17:31:51,5322.08,125.8,0.0,1,102,支付宝,已完成
1149,453,2026-06-21 18:03:51,141.33,13.15,0.0,1,174,微信支付,已完成
1150,481,2026-06-22 03:38:51,4145.77,655.17,0.0,2,"205,289",银行卡,已完成
1151,476,2026-06-22 05:57:51,8444.62,1230.73,0.0,3,"221,142,161",微信支付,已完成
1152,379,2026-06-22 07:20:51,7090.86,98.75,0.0,3,"10,205,276",支付宝,已完成
1153,435,2026-06-22 08:17:51,5816.26,46.31,0.0,4,"298,118,153,121",微信支付,已完成
1154,269,2026-06-22 09:14:51,5292.43,60.25,0.0,3,"204,38,124",支付宝,已完成
1155,361,2026-06-22 11:25:51,206.31,3.49,0.0,1,209,支付宝,已完成
1156,420,2026-06-22 12:46:51,1687.92,87.21,0.0,4,"62,5,116,20",支付宝,已完成
1157,391,2026-06-22 13:04:51,5797.52,445.05,0.0,3,"187,191,102",支付宝,已完成
1158,74,2026-06-22 13:28:51,4707.2,814.97,0.0,4,"255,100,245,256",支付宝,已完成
1159,77,2026-06-22 13:50:51,125.52,6.62,0.0,1,11,支付宝,已完成
1160,107,2026-06-22 15:37:51,4575.25,79.24,0.0,3,"29,47,130",微信支付,已完成
1161,414,2026-06-22 16:39:51,5278.56,841.15,0.0,5,"27,130,229,78,293",微信支付,已完成
1162,477,2026-06-22 17:32:51,5497.13,960.05,0.0,2,"83,258",银行卡,已完成
1163,363,2026-06-22 19:27:51,199.66,18.98,0.0,1,272,微信支付,已完成
1164,10,2026-06-23 03:45:51,779.63,41.33,0.0,1,235,银行卡,已完成
1165,359,2026-06-23 05:06:51,1717.4,9.81,0.0,3,"255,69,5",支付宝,已完成
1166,124,2026-06-23 05:21:51,1331.37,105.57,0.0,4,"153,203,56,35",微信支付,已取消
1167,140,2026-06-23 05:40:51,3567.83,85.13,0.0,4,"113,7,251,59",余额,已完成
1168,167,2026-06-23 06:48:51,7860.31,0.26,0.0,3,"99,30,206",支付宝,已完成
1169,131,2026-06-23 08:57:51,216.24,28.77,0.0,1,97,支付宝,已完成
1170,485,2026-06-23 10:04:51,959.71,104.34,0.0,2,"232,17",微信支付,已完成
1171,35,2026-06-23 10:19:51,5004.82,809.39,0.0,4,"105,149,1,136",微信支付,已完成
1172,354,2026-06-23 11:00:51,8318.64,314.69,0.0,5,"29,213,138,117,109",支付宝,已完成
1173,271,2026-06-23 13:06:51,1439.35,69.02,0.0,1,109,银行卡,已完成
1174,57,2026-06-23 13:09:51,6024.33,28.77,0.0,4,"144,31,64,236",支付宝,已完成
1175,417,2026-06-23 15:04:51,357.62,11.42,0.0,1,80,微信支付,已完成
1176,135,2026-06-23 15:47:51,1780.47,65.7,0.0,3,"5,148,198",支付宝,已完成
1177,37,2026-06-23 15:57:51,1044.48,89.94,0.0,2,"202,298",银行卡,已完成
1178,104,2026-06-23 17:29:51,3690.67,238.83,0.0,3,"143,67,6",银行卡,已完成
1179,53,2026-06-23 17:59:51,537.75,35.51,0.0,5,"137,123,143,86,96",微信支付,已完成
1180,307,2026-06-23 19:32:51,3248.0,370.83,0.0,1,77,微信支付,已完成
1181,473,2026-06-24 02:49:51,365.91,5.49,0.0,2,"288,90",银行卡,已完成
1182,404,2026-06-24 03:05:51,1104.56,118.91,0.0,3,"237,238,296",微信支付,已完成
1183,273,2026-06-24 03:36:51,8655.09,465.1,0.0,4,"223,28,31,34",银行卡,已完成
1184,236,2026-06-24 03:59:51,6323.52,969.76,0.0,2,"75,10",支付宝,已完成
1185,242,2026-06-24 07:49:51,359.92,26.15,0.0,1,274,微信支付,已完成
1186,298,2026-06-24 07:52:51,1940.99,62.23,0.0,5,"217,71,101,281,27",支付宝,已完成
1187,124,2026-06-24 11:13:51,759.56,126.08,0.0,3,"237,89,90",银行卡,已完成
1188,433,2026-06-24 11:32:51,100.52,4.45,9.59,1,269,微信支付,已完成
1189,147,2026-06-24 13:17:51,3859.41,422.7,0.0,4,"13,183,180,184",支付宝,已完成
1190,428,2026-06-24 13:24:51,3777.26,334.26,0.0,1,175,微信支付,已完成
1191,10,2026-06-24 16:22:51,10133.87,163.88,0.0,5,"279,72,180,113,190",微信支付,已取消
1192,459,2026-06-24 16:24:51,205.26,22.46,0.0,2,"136,169",微信支付,已完成
